职位标题,职位链接,公司名称,工作地点,薪资待遇,职位描述,职位类型,发布时间,职位特征,所需技能,申请类型,勤務時間・休日,仕事内容,給与・報酬,雇用形態,勤務地・交通
グローバルITガバナンスの中核!多様な経験を積む「ITガバナンス,https://xn--pckua2a7gp15o89zb.com/rd/?uaid=l867e282102fb12e5ee6a8697a860af8d&p=t%2BAK7k0GmMUr0ZRss/MBm/ivRCvXV6uzfXDjWYxzB9SgbqkduX11Sz6AUmNVLPnGJwuwhXxTmeesUCcgPt36LQ%2Bf6DkuB%2BuBT466X1tsR7M0z2TJ5yHnGSn0/6YwKsmjDocb8ON58EowAxhyyIQpTxvyCwG3h2xSMcn4DmUB02TMODoO2wb5GEh/gWVsYl6LZoWtSYJSfV5r6wzmRxvD4wdnHptqpqhQ6zEyfmIZxsM9AVyO4FQJt43jaSymL3D2CgEkGAgvB7mbLjWA67ptOAUMbMJSNAbyUpAaDpVsw3WwSQjXI0PqQ4g60WwPjLemrDyK2FMp0ujb44FOSms5gFyhBkp9VwPQZbH%2BvgSoS0GNyJJ8SO7VjYe4ZG7tSELd6Lg31eTNlUX%2BSn4L8N8TAQ%2BvLRWTA/LnhsnYlkkcO35MuFrvq7imYCjZ7lzQQKngdNEydmqpXx4zB%2BO7kTXcMW9RQlU4Hb4gOw1Apc8KD0o%3D&ph=5ef9f518baf8&phv=1,楽天グループ株式会社,東京都,年収600万円～900万円,【仕事内容】<職種>IT技術職>情報システム・社内SE<業種>IT・インターネット>インターネットサービス,未指定,4日前,"在宅ワーク, 英語活用, 1000人以上, ストックオプション, 産休・育休, 禁煙・分煙, PowerPoint","英語, PowerPoint",通常申请,暂无信息,暂无信息,暂无信息,暂无信息,暂无信息
社内IT 日本サイトサポート Local site support,https://xn--pckua2a7gp15o89zb.com/rd/?uaid=l889413f09ce30542eb2f53db786a0e1e&p=t%2BAK7k0GmMUr0ZRss/MBmwicxaP8va/yuZf7/e1NStPBNRpV/JUBbhF0iAiAaeGPUNTEFFBSKEo481R2jodsmQ%2Bf6DkuB%2BuBT466X1tsR7PA67GxsCOlx1ngntZ7y9j3Docb8ON58EowAxhyyIQpTxvyCwG3h2xSMcn4DmUB02TMODoO2wb5GEh/gWVsYl6LZoWtSYJSfV5r6wzmRxvD4wdnHptqpqhQ6zEyfmIZxsOBVKeGQ2HDFH4vzOX929bJ2r4Dvq%2Bqv5JYs5mfAHtmzwUMbMJSNAbyUpAaDpVsw3WwSQjXI0PqQ4g60WwPjLemrDyK2FMp0ujb44FOSms5gCkzlgCn8GrsT3W8YFzFW5x9%2BzVTo%2BhKyAfyLYZB2RAdicRgyfm6n8QmW0xkM3JBWLwRyn2ibm6r4bXBQX4OUJj2BCGFfC4wTCrZudhJrHD2JjClpif/8/RLGHqTzCpiRbCGG3HYmGYW8pn5Sj%2Bk6Qs%3D&ph=7b79c3afb5da&phv=1,カールツァイス株式会社,東京都,年収400万円～600万円,【仕事内容】<職種>IT技術職>情報システム・社内SE<業種>メーカー>精密・計測機器 【経験・資格】<必須(MUST)>英語を使用してアジアのチームと共に日本の7拠点のITのサポートをしてもらいたいので...,未指定,10時間前,"在宅ワーク, 女性活躍, 英語活用, 年休120日～, フレックス制, 産休・育休, 資格取得支援","資格, 英語",通常申请,暂无信息,暂无信息,暂无信息,暂无信息,暂无信息
社内SE／IT推進担当リーダー候補,https://xn--pckua2a7gp15o89zb.com/rd/?uaid=la455c40c7d353bcf8b570bd74a307d08&p=t%2BAK7k0GmMUr0ZRss/MBmxVtgn8LuMEUrQivEaKHQyjcaPq8MJKyczoVaSqYRONZqnRWmttRaL5Oha0%2B2bzNlQ%2Bf6DkuB%2BuBT466X1tsR7PjVZtMp%2BVy/jJ507MizcVwDocb8ON58EowAxhyyIQpTxvyCwG3h2xSMcn4DmUB02TMODoO2wb5GEh/gWVsYl6LZoWtSYJSfV5r6wzmRxvD4wdnHptqpqhQ6zEyfmIZxsOuWNFLZjhzWyteIvCRrVau4VOQydHLG4iKp8GWuvCeIwUMbMJSNAbyUpAaDpVsw3WwSQjXI0PqQ4g60WwPjLemrDyK2FMp0ujb44FOSms5gDKfCwzwWzjA36fGHcbSdcaowUnWPKb5qYXbprpHlfEKIsLbsAzWkW36gPd/hIWWuIPIXoJk3lyxKoKPzkG7K7ef1ogODXt/CPtQIlJ8LqUG0YtRRqAnZwot1bZsDPih1L/9V5POhKIOlo3D9/6CES4drFljVp0gndgsTxmn2BKh&ph=05d240a1c384&phv=1,株式会社セゾンテクノロジー,東京都,年収600万円～700万円,【仕事内容】<職種>IT技術職>情報システム・社内SE<業種>IT・インターネット>ソフトウエア...流通ITサービス事業 フィナンシャルITサービス事業<当社について>...,正社員,4日前,"在宅ワーク, 週休2日, シェア上位, データ分析, フレックス制, 研修あり, 交通費",データ分析,通常申请,暂无信息,暂无信息,暂无信息,暂无信息,暂无信息
キャリアチェンジ歓迎「ITエンジニア」KDDI・三井物産の安定基盤と福...,https://xn--pckua2a7gp15o89zb.com/rd/?uaid=ld3bc13c8d7bec6d9d17b4c3f1d1230ed&p=t%2BAK7k0GmMUr0ZRss/MBm0EGM0T5XYH3H%2BnH0Kxv7XFaZ337IDRCqcgBRtUM4B1Gy5qYfXv0mq02PcbZ%2BG4s/w%2Bf6DkuB%2BuBT466X1tsR7Oun3I299gysQvsSX0/GOxCDocb8ON58EowAxhyyIQpTxvyCwG3h2xSMcn4DmUB02TMODoO2wb5GEh/gWVsYl6LZoWtSYJSfV5r6wzmRxvD4wdnHptqpqhQ6zEyfmIZxsPCTiVS/PFDtUnyQOap2/Y2PfzYJ%2BgEzwHaLwQPGpUk1wUMbMJSNAbyUpAaDpVsw3WwSQjXI0PqQ4g60WwPjLemrDyK2FMp0ujb44FOSms5gLp9AiMWp9jOpd0C9LRgUl/IG%2BcqMTHmELnt7o4YQlO4aVSW8ollYrTNsOb5OO4D28PXVa772E3mk81skGSd1bT8W%2BLB7H9EmICeex8NMlpFHSc9vAzth7kOPdzA7LUQt1PLG77STd8w6wMYXVRbCRvVz3E2VPoD6dqOdnpz2z6s&ph=72a38ba115fe&phv=1,アルティウスリンク株式会社,東京都,年収400万円～500万円,【仕事内容】<職種>IT技術職>インフラエンジニア<業種>IT・インターネット>インターネットサービス,未指定,10時間前,"在宅ワーク, 昇給あり, 夜勤あり, 年休120日～, 1000人以上, 産休・育休, 短時間OK",未指定,通常申请,暂无信息,暂无信息,暂无信息,暂无信息,暂无信息
2027新卒限定／ITセールス職,https://xn--pckua2a7gp15o89zb.com/jb/39a1e68bd48b12e84b552cadf5ceae8f,株式会社エニプラ,東京都,年収300万円,そんなエニプラITセールス職に求められるのは、「ヒアリング力」と「コミュニケーション力」そして「情報収集力」です。,正社員,1日前,"特別休暇, 社保完備, 禁煙・分煙, 週休2日, 産休・育休",未指定,かんたん応募,"9：00～18：00
所定労働時間8時間（休憩60分）
固定（一般的な勤務時間）
完全週休2日（土曜、日曜）
祝日
年末年始、夏季休暇
年次有給休暇（10日〜勤続年数に応じて最大20日）
慶弔休暇
特別休暇（コミケ休・趣味休暇・恋愛休暇・失恋休暇）
産休・育休・介護休
振替休日制度
有給推奨日（月22日以上の出勤日数が見込まれる場合、1日好きな日に休めます）",暂无信息,"年収
3,000,000円
3,500,000円
社会保険完備
賞与年2回（10月、3月）
昇給年1回

資格合格報奨金
資格試験費用補助
懇親会費補助
書籍購入費補助
セミナー補助",正社員,東京都日本橋馬喰町2-3-3 秋葉原ファーストスクエア5階
DX推進全社ITインフラ企画・導入／大崎25-003,https://xn--pckua2a7gp15o89zb.com/rd/?uaid=l00235176904f254067510f3bc48f763f&p=t%2BAK7k0GmMUr0ZRss/MBm/iCc9ZnrYCgF%2BVY3G0DDTYhMGQdAgZaPG4NanvvosroFmsh6rK/tKCS/d3SXcofQA%2Bf6DkuB%2BuBT466X1tsR7MiRR4uf0OBDtzuhc4B5rRFDocb8ON58EowAxhyyIQpTxvyCwG3h2xSMcn4DmUB02TMODoO2wb5GEh/gWVsYl6LZoWtSYJSfV5r6wzmRxvD4wdnHptqpqhQ6zEyfmIZxsM40ZF2KWDvmGSeI4dTtOUuCAFoRQswjGgkP/J03wss2gUMbMJSNAbyUpAaDpVsw3WwSQjXI0PqQ4g60WwPjLemrDyK2FMp0ujb44FOSms5gK5QQoqfyu1iX16D0wRVDdk2BYFnK%2BGB0RSK60/XPWkhMzp9xGtVKN%2BCvWVCIRfaLTKAypyl6P17XmGOJh4pKMfp7kp1nPhO2Wmt1QjRdvApDo/UQT6f/MCPItBQJ4a%2BjToZdGC9RCS55w7wmFWx0qxLyZwMiUqvEfLkr01%2BnQ5/S692GwRE3qiSXHeaUTmUqQ%3D%3D&ph=d65511d7725c&phv=1,日本精工株式会社,東京都,"年収800万円～1,000万円",【仕事内容】<職種>IT技術職>インフラエンジニア<業種>メーカー>機械...ミッション・目指す姿NSKグループ全体のITインフラについて...,未指定,4日前,"在宅ワーク, 英語活用, 固定給, Azure, 転勤なし, 食事補助, Linux","Azure, 英語, Linux",通常申请,暂无信息,暂无信息,暂无信息,暂无信息,暂无信息
IT シニアアプリケーションリード,https://xn--pckua2a7gp15o89zb.com/rd/?uaid=l36eaa0b06f1b7994474fae82325c2283&p=t%2BAK7k0GmMUr0ZRss/MBm2axVzXkOYZyJrdKQmWzYAeBCuaaJPPqPUSwdeb07kLqikO9EyV/qf1Xy2O%2B2UhIbw%2Bf6DkuB%2BuBT466X1tsR7NEM9e7fqNdsw7vg6FR8V2UDocb8ON58EowAxhyyIQpTxvyCwG3h2xSMcn4DmUB02TMODoO2wb5GEh/gWVsYl6LZoWtSYJSfV5r6wzmRxvD4wdnHptqpqhQ6zEyfmIZxsNNGHzlcFoJcqMBl84uTK9Nufp7KHnZGaPJxNo1v8RF/QUMbMJSNAbyUpAaDpVsw3WwSQjXI0PqQ4g60WwPjLemrDyK2FMp0ujb44FOSms5gCPhYm8s/5tE18A8wJnA45C6jZ4p87In99ZQDfwOOSdI/Fviwex/RJiAnnsfDTJaRR0nPbwM7Ye5Dj3cwOy1ELfGw3gmNS7qXjI1/0TMxdGnFC3c87tFqFihCaOVqVOcww%3D%3D&ph=ebf74684093e&phv=1,メルセデス・ベンツ日本合同会社,千葉県,年収600万円～900万円,【仕事内容】<職種>IT技術職>情報システム・社内SE<業種>メーカー>自動車・自動車部品...-ビジネスデマンドを元に、メルセデス・ベンツ標準要求に沿ったITソリューションの設計...,未指定,10時間前,"在宅ワーク, 英語活用, 女性活躍, 年休120日～, 交渉スキル, 産休・育休, シェア上位",英語,通常申请,暂无信息,暂无信息,暂无信息,暂无信息,暂无信息
コーポレートIT担当,https://xn--pckua2a7gp15o89zb.com/rd/?uaid=l6ae57646a104a2aa374153316fcf7780&p=t%2BAK7k0GmMUr0ZRss/MBmxprjA9WhbuKtbo7b%2BjgxFmlEwTUV5zGlZ846lLQYlFXWRZuInQo4GPsNHBk423K9g%2Bf6DkuB%2BuBT466X1tsR7M/NwSoWum23GedpVe995mcDocb8ON58EowAxhyyIQpTxvyCwG3h2xSMcn4DmUB02TMODoO2wb5GEh/gWVsYl6LZoWtSYJSfV5r6wzmRxvD4wdnHptqpqhQ6zEyfmIZxsPZ7avYypK349gMz%2Bvd2wVu0egjEmj/goqvy0uVtH%2BYEgUMbMJSNAbyUpAaDpVsw3WwSQjXI0PqQ4g60WwPjLemrDyK2FMp0ujb44FOSms5gF/EYU3losgdJN3R4/BwTDPDlRP4I0JJKMRpU8pdjsbewH%2BPxx7c2R08hvq8O0bYcLL7wrpjwRZH1oTH4lMCrtwR0rErgqWppXNXkor3/xthqaZM2jW1JRo1u3cyHEENGO1oyAFD5Vb543wrcVJdpGk%3D&ph=6ae2d6146288&phv=1,加納コーポレーション株式会社,東京都,"年収800万円～1,000万円",【仕事内容】<職種>IT技術職>情報システム・社内SE<業種>流通・小売>小売 【経験・資格】<必須(MUST)>以下いずれかのご経験のある方・社内IT部門、情報セキュリティに関連する部署での業務経験・IT全般...,未指定,4日前,"交通費, 社保完備, 賞与あり, 週休2日, 制服あり, 昇給あり, 食事補助",資格,通常申请,暂无信息,暂无信息,暂无信息,暂无信息,暂无信息
社内ITエンジニア／会社のIT基盤を一緒に作りませんか?／クラウド・SaaS・セキュリティ対応,https://xn--pckua2a7gp15o89zb.com/rd/?uaid=lbc9d7ac280c29df3a5d8609c452155eb&p=t%2BAK7k0GmMUr0ZRss/MBm%2BG4K82YHFxR0NTm%2BCPpwuPZpFacJfZgVjJR6fldgXbU57R1CbBLhYIxwW6ntH%2B0YZ/O81UF3iUb99fkxRIgTTz5n5JcUE/Wz5Xr0/xvzK3QIjMI24e5ckRXzZ5Q%2Btn4AqFBQPIzGtX2OvBe1qhXvz7RBbumC3ePvORGEvwGOCxZ6EPZFhNUVkI2Id/w7DaFByn250JlhHD10%2BRqCOJWqezScfFELqMOANKvqyRCHUK9jtFAhUcbL7ck/HFBAX3SygGQW12sxwm2i75C5ypaoANzm9%2BNXtkU1Y0IFBv9WsWLG4UuJxeHGqFT8TbaTq3t3HEGvvSan9qMuGjOH3BXm7G1nNqdJ4tF39weTn4Tdcp3nhiagjGngHBciKtS0lrYAO%2BBjUMpMSuDyRCmWhqHnVZ7rLYgm7g6xonRlTZa5gPk9FkLuVyODiSct0yU6hpg3z12cfxpPEdXWHb40bPYUqw%3D&ph=d230e749531d&phv=1,株式会社ten,福岡県 福岡市 赤坂駅 徒歩3分,"月給41万7,000円",【仕事内容】具体的には、以下の業務を想定しています。・PCやIT機器の選定・導入・管理・社内からのIT関連の問い合わせ対応(ヘルプデス...,正社員,1日前,"スキル身に付く, 駅チカ, 禁煙・分煙, 社保完備, 託児所あり, 産休・育休, 研修あり",未指定,かんたん応募,"月単位の変形労働制7：00～20：00の間で8時間程度の勤務多くの社員が9：00～18：00の時間帯で働いています。変形労働時間制のため、上記時間内であれば何時に出勤してもかまいません。
年間休日108日本社部門は基本的には土日祝の休みにしており変形労働時間制を活用して実質は120日の休みの方が多いです。年末年始休暇、慶弔休暇、有給休暇 等変形労働時間制のため、月間の労働時間さえ担保すれば何曜日に休んでもかまいません。本社部門は基本的には土日祝の休みです。",暂无信息,"月給
417,000円
500,000円
想定年収：5,004,000円～6,000,000円月給：417,000円～500,000円（固定残業手当20時間を含む）賞与：無（決算賞与）基本給：150,000円役職手当：0円職能手当：210,800円～282,600円固定残業手当（20時間）：56,200円～67,400円※知識・経験に応じて決定いたします。※昇給あり（年1回）
・退職金制度(勤続1年以上)・産休育休制度あり、託児所あり
社会保険完備(健康・厚生年金・雇用・労災)","正社員
なし
なし","福岡県
福岡県福岡市中央区舞鶴1丁目1-27基本的には出社となります。
会社の定める事業所
地下鉄　赤坂駅より徒歩3分"
第二新卒歓迎／DXコンサルタント／ITの観点からクライアントの生産性向...,https://xn--pckua2a7gp15o89zb.com/jb/7bb039a738689a35e2a5e3fcf43d2415,セレンディップ・ホールディングス株式会社,愛知県 名古屋市 伏見駅 徒歩5分,年収400万円,【仕事内容/この仕事のミッション】ITコンサルタントとして、経営課題の解決をITの観点で支援していただきます。...その他ITリテラシー教育やコンプラ研修実施、ITツールを用いた自発的学習機械あり...,正社員,1日前,"未経験OK, 在宅ワーク, 服装自由, 土日祝休, 特別休暇, 短時間OK, 禁煙・分煙",未指定,かんたん応募,"9:00:00
18:00:00
・平均残業時間：20時間
・出張あり。頻度や長さはプロジェクトにより変わります。
土日祝休み
125
夏季休暇, 有給休暇, 年末年始休暇, 産休・育休, 介護休暇, 特別休暇
夏季休暇2日
有給取得率70％ ※有給推奨日あり",暂无信息,"400
500
新卒のキャリアパス
1年目　アソシエイト　400万
3年目　コンサルタント　520万
５年目　シニアコンサルタント　700万
８年目マネージャー1000万
■試用期間：6ヶ月（条件の変更なし）

【賃金形態：疑似年俸制】
・基準年俸を14等分し、1/14を各月に支給し、2/14を基準として期末賞与を支給します。
・年俸に含まれる固定残業代（時間外労働20時間）を上回る残業を行った場合は差額を支給します。
・4月1日～3月31日を支給年度とします。

年俸￥4,000,000～ 
月給286,000円～
内訳
基本給￥221,700～ 固定残業代￥64,300～を含む/月
■試用期間：6ヶ月（条件の変更なし）

【賃金形態：疑似年俸制】
・基準年俸を14等分し、1/14を各月に支給し、2/14を基準として期末賞与を支給します。
・年俸に含まれる固定残業代（時間外労働20時間）を上回る残業を行った場合は差額を支給します。
・4月1日～3月31日を支給年度とします。

年俸￥4,000,000～ 
月給286,000円～
内訳
基本給￥221,700～ 固定残業代￥64,300～を含む/月
1回
２ヶ月分
交通費支給,持株会制度,社会保険完備
通勤手当（会社規定に基づき支給）、各種専門書籍購入費全額補助 、時短制度、服装自由、無料コーヒーサーバー、リモートワーク可、ストックオプション制度（一部従業員利用可）、譲渡制限付株式報酬（RS）
グループ従業員持ち株会(奨励金10%)
グループ・ストックオプション制度
譲渡制限付株式報酬（Restricted Stock）あり
♪無料コーヒーサーバー設置♪	
保養所使用可能
資格取得補助あり
書籍購入補助あり	
会社用携帯（Iphone）、会社用PC貸与		
メンター制度あり
OJT研修およびOffーJT研修あり
（コンサルタントとして必要なプロジェクトマネジメントや資料作成といったOff-JTあり）
その他ＩＴリテラシー教育やコンプラ研修実施、ITツールを用いた自発的学習機械あり
社内サークル活動あり
MBO面談を通じたキャリアパスの相談会実施",正社員,"愛知名古屋市中区
愛知県 名古屋市中区 錦1-5-11　名古屋伊藤忠ビル3F

【最寄駅】
名古屋市営地下鉄東山線 伏見駅 徒歩5分"
名古屋・法人営業／IT×人材!業界未経験OK!ワークライフバランス推進...,https://xn--pckua2a7gp15o89zb.com/jb/87b19d030bb398616a4f542fb8661525,富士インフォックス・ネット株式会社,愛知県 名古屋市 中区,年収350万円,【仕事内容】大手SIer・メーカーなどに対し、「人材IT」の切り口で最適な提案を行う提案型営業ポジションです。...,正社員,1日前,"未経験OK, 在宅ワーク, 社保完備, 特別休暇, ジョブローテーション, 週休2日, 禁煙・分煙",未指定,かんたん応募,"9:00～18:00
所定労働時間：8時間、休憩1時間
※勤務間インターバル制度、フレキシブル出勤制度あり
固定（一般的な勤務時間）
■完全週休2日制（土日）
■祝日
■リフレッシュ休暇（年2日）
■年末年始休暇
■慶弔休暇
■産前・産後休暇
■特別休暇
■育児休暇（男性の取得実績あり）

■有給休暇（入社半年後に10日。勤続年数に応じて最大20日）
※有給休暇平均取得率：80.2％（平均取得日数：13.8日）",暂无信息,"年収
3,500,000円
5,000,000円
■各種社会保険完備
■慶弔見舞金
■結婚・出産祝金
■ジョブローテーション
■資格取得報奨金
■各種研修
■定期健康診断
■健康保険組合提携施設利用等
■社員紹介制度／紹介料30万円

■在宅勤務（テレワーク）制度
・週1回
・テレワーク率：55.7％",正社員,愛知県名古屋市中区錦1-4-16 KDX名古屋日銀前ビル 3階
ITインフラエンジニア 千葉勤務 CCS6,https://xn--pckua2a7gp15o89zb.com/rd/?uaid=lceb31bf3b6036b709e7831d26476cb67&p=t%2BAK7k0GmMUr0ZRss/MBm96ahtzFjRlnm%2BMPPDIjAub%2BWUn4soxk6FWKNVROFmWr2I5FyVSww/fpdvyH3gIO9g%2Bf6DkuB%2BuBT466X1tsR7M255VnGmS%2BSBRRMcL3CTyLoftjdNyTVdLGR2pfgAM6JOid2Elqbm9BLJLjl1VcJRehnQ/nuBqf0bMLdhkcr1y2nPY2kuJvIo74T/VFS1hSidXOJ1Ii58pFMSFP/l4qkbLngHjk5yrfb2hP%2Bb11t%2BVLbKs%2B5zEVeAxKFLL/nHZOX9VV0OKMujnmK%2B6/RE4q5WgjMl/il76eVXeTIfZ%2B2M0QEEGFHkE%2BUwFxK2aUry9HbKAApT9ANndm49wUWCeOZ7GiGZlRyXfouKLun9foc5GhPYNiVSaY0DiaBFf3gx1A9ujhtNK53PSnKksPoDQ/rcfvgY1DKTErg8kQploah51W16MEgkVzNoWNU/tJi/UYNmkrAnUW1rkRT7mU3kpzOM4gAy1Eh8QJuDv45v/xoqgv&ph=2099e9c3057e&phv=1,株式会社千葉銀行,千葉県,"年収800万円～1,100万円",【仕事内容】<職種>IT技術職>インフラエンジニア<業種>金融>銀行・信託銀行...当社におけるITインフラやセキュリティ分野においての一般的な業務を経験したうえで...,未指定,10時間前,"女性活躍, 資格取得支援, 禁煙・分煙, Hyper-V, Linux, 研修あり, Windows","Windows, 資格, Linux",通常申请,暂无信息,暂无信息,暂无信息,暂无信息,暂无信息
IT提案営業／年収500万円から／年間休日120日以上／変革期の成長ス...,https://xn--pckua2a7gp15o89zb.com/jb/19b6d8e62b7da0e35c13d4497163ce35,株式会社SI&C,東京都 港区 浜松町駅,"年収500万円～1,400万円",【対象となる方】<必須要件>IT関連SolutionスキルIT業界におけるTIER1のSIer経験がある方...,正社員,11日前,"土日祝休, 在宅ワーク, 女性活躍, 経験者歓迎, 交通費, 社保完備, 産休・育休",未指定,かんたん応募,"【勤務時間】
9：30～18：00（所定労働時間7.5時間、休憩60分）

【休日休暇】
年間休日：122日

完全週休2日制（土・日）、祝日、年末年始休暇（6日）、年次有給休暇（初年度10日・最大20日）、リフレッシュ休暇（5日）、慶弔特別休暇、産前産後休業、育児休業、子の看護休暇、介護休業　等
※各休暇は入社月から取得可能
※有給休暇、リフレッシュ休暇：初年度は入社月により付与日数に変更あり
※有給休暇の平均取得日数：13.9日/年",暂无信息,"年収500万円～1,400万円
月給：375,000円～1,050,000円
基本給：309,100円～
固定残業代(25時間/月)：65,900円～
※超過分は別途全額支給
※管理職は裁量労働制

・昇給/昇格：年2回（5月、11月）
・賞与：年2回（6月、12月）

【主な諸手当】
通勤手当（非課税限度内で実費支給、バスを利用する場合は距離制限あり）、家族手当（配偶者・お子様）、時間外勤務手当、在宅勤務手当　等

【各種保険等】
健康保険、介護保険、厚生年金保険、労災保険、雇用保険、企業年金基金

【福利厚生】
確定拠出年金(401K)、資格取得奨励金、慶弔見舞金、団体保険、財形貯蓄、勤労者共済会、定期健康診断、メンタルヘルスケア、健保保養所（東京都情報サービス産業健康保険組合）、同好会（ゴルフ・フットサルなど）、オンボード面談、HR面談、ラフ・ミート面談(部署を越えた1on1交流制度)、社員交流会(任意)　等

【その他】
・資格取得奨励金：PMP30万円、応用情報技術者10万円　等
・教育制度：リーダ研修、専門技術研修、IT関連資格取得支援（研修・奨励金）等
・承認制で副業可能",正社員,"東京都本社：東京都港区浜松町2-4-1 世界貿易センタービルディング南館 24F

本社：JR山手線　浜松町駅"
ITガバナンスグローバル,https://xn--pckua2a7gp15o89zb.com/rd/?uaid=lc9c4158d9901760e9cbebf25f011f1fd&p=t%2BAK7k0GmMUr0ZRss/MBmzL8bLkgUzJc3RgMamMGJhqpR4dZq3u2wKbolXfBqHx2PdB7TQTwYq%2B9%2BZbFVEPFDQ%2Bf6DkuB%2BuBT466X1tsR7NX4TAfEzNYjpkvC8syfJu%2BoftjdNyTVdLGR2pfgAM6JOid2Elqbm9BLJLjl1VcJRehnQ/nuBqf0bMLdhkcr1y2nPY2kuJvIo74T/VFS1hSidXOJ1Ii58pFMSFP/l4qkbLTdtSrNV41e8rMMPlJp7rKQDNM0i1cJMsqKQz%2BjKRkko1F4c3oX8A%2BXc8k3P3WO5EjMl/il76eVXeTIfZ%2B2M0QEEGFHkE%2BUwFxK2aUry9HbE0g6yVmuolOWd0D7iCsZbOKTjjw6yH4nzPR%2BCaT2%2BEyXNMZgNQ8sJxU7OPCR%2BKSPnAhUYsQliQE/jBoJzwOXkQOj9RBPp/8wI8i0FAnhr6Ngyd3w2OepkRAqqGY8TgpUmkrAnUW1rkRT7mU3kpzOM4gAy1Eh8QJuDv45v/xoqgv&ph=e64340aea737&phv=1,株式会社LegalOn Technologies,東京都,"年収800万円～1,500万円",<仕事内容>・業務範囲は、日本本社・米国子会社のとなります。・ITガバナンスおよびセキュリティガバナンス...,未指定,10時間前,"在宅ワーク, 英語活用, 女性活躍, 禁煙・分煙, AI, 年休120日～, 週休2日","AI, 英語",通常申请,暂无信息,暂无信息,暂无信息,暂无信息,暂无信息
IT人材営業／ITエンジニアをコーディネートするお仕事／土日祝休み,https://xn--pckua2a7gp15o89zb.com/jb/08a1bdf2c49100023bf560a4cafeccde,株式会社ユースリー,東京都 新宿区 新宿駅 徒歩4分,年収300万円,【仕事内容/この仕事のミッション】<仕事内容>IT技術を求めているお客様企業と、活躍の場所を求めているITエンジニアをコーディネートする...,正社員,1日前,"未経験OK, 女性活躍, 産休・育休, 特別休暇, 土日祝休, 研修あり, 増員募集",未指定,かんたん応募,"10:00:00
19:00:00
【勤務時間】
10:00～19:00（実働8時間）
※社内では「効率よく業務を進めていこう」という意識が根づいており、月平均の残業時間は20時間以内と少なめです。
土日祝休み
124
有給休暇, 年末年始休暇, 夏季休暇, 慶弔休暇, 産休・育休, 特別休暇, GW休暇, 介護休暇
■完全週休2日制（土・日）
■祝日
■産前・産後休暇　※実績あり
■育児休暇　※実績あり・復帰率100％
■結婚休暇（5日間）
■特別休暇（誕生日・行事・記念日等）
※有給休暇とは別に好きな日にお休みを取ることができます
※有給消化率100%
※5日以上の連続休暇OK
★有休が取得しやすい環境です！
業務の状況次第ではありますが、しっかりと有給休暇を取得していただけます。
「取得しづらい･･･」といった雰囲気はありませんのでご安心ください！",暂无信息,"300
720
■年収例
・300万円／23歳（入社1年）
・450万円／26歳（入社3年）
・700万円／28歳（入社5年）
■月給：25万円～+各種手当
■年収：300万円～720万円（インセンティブ別途）
※経験・年齢・能力などを考慮のうえ、当社規定により決定します。
※上記にはみなし残業手当（30時間分：4万7000円～）を含む。超過分は別途支給いたします。

■昇給：年1回（7月）

■試用期間：6か月（その間の待遇に差異はありません。）
■月給：25万円～+各種手当
■年収：300万円～720万円（インセンティブ別途）
※経験・年齢・能力などを考慮のうえ、当社規定により決定します。
※上記にはみなし残業手当（30時間分：4万7000円～）を含む。超過分は別途支給いたします。

■昇給：年1回（7月）

■試用期間：6か月（その間の待遇に差異はありません。）
あり
交通費支給,健康診断,役職手当,社会保険完備,資格取得制度,資格手当,退職金制度
■社会保険完備（雇用・労災・健康・厚生年金）
■健康保険組合加入
※飲食店・スポーツジム・旅行費の割引等が充実！
■通勤交通費全額支給
■通勤手当（超過分を支給）
■時間外手当
■残業手当（固定残業代の超過分）
■職能手当
■報奨金制度
■人事評価制度
■資格取得支援制度
■研修制度（外部・内部）
■社員旅行（沖縄・北海道・台湾・静岡・大阪など）
■社内イベント（女子会・BBQ・お花見など）　※参加自由／イベントの実施は情勢を考慮します。
■新年会（2024年は屋形船で開催しました！）
■施設利用（ホテルなどの施設を特別価格で利用できます）
■リゾートトラスト施設利用（特別価格で利用できます）
■チケットレストラン（食事補助）
■確定拠出年金制度",正社員,"東京新宿区
東京文京区
【新宿オフィス：住所】
東京都新宿区西新宿1-4-11 全研プラザビル 　SPACES新宿

【アクセス】
JR、小田急、京王、都営地下鉄、東京メトロ「新宿駅」西口　徒歩4分
都営地下鉄大江戸線「新宿西口駅」　徒歩2分

============
【本社：住所】
東京都文京区根津2丁目19-7　2F

【アクセス】
「根津駅」より徒歩1分"
IT事務／横浜勤務／ワークライフバランス抜群／研修充実／残業ほぼなし,https://xn--pckua2a7gp15o89zb.com/jb/0ba5ba114ea37f22bf1869ea4ee30535,未找到公司名称,神奈川県 横浜市 西区,"月給25万3,400円～47万3,750円",【仕事内容】オフィスワークしながらITスキルも伸ばせる!/ 「ITスキルを身につけたい」その気持ちだけで大歓迎!...,正社員,14日以上前,"未経験OK, 英語活用, RPA, VBA, 土日祝休, 研修あり, 経験者歓迎",英語,かんたん応募,"■勤務時間詳細
9:00～18:00

■休日詳細
＼年間休日120日以上／
土曜日・日曜日・祝日
GW休日
夏季休暇
年末年始休日
有給休暇
長期・連続休暇（5日以上の連続休暇も取得可能）
産前・産後休暇 ★男性、女性ともに取得実績あり！
育児休暇 ★男性、女性ともに取得実績あり！

＼自分の時間を大切にできます！／
プライベートを満喫する社員が多数
先輩たちの仕事終わりの過ごし方は…

☆英語や中国語、韓国語を勉強
☆アニメやゲーム、映画、韓流ドラマを堪能
☆野球やサッカーなどスポーツでリフレッシュ
☆アパレルブランドで買い物
◇犬や猫などペットと過ごす など",暂无信息,"月給25万3,400円～47万3,750円
■給与詳細
月給25万3400円以上～47万3750円以上＋各種手当
 ※未経験からでも30万円以上の給与提示実績あり

※上記給与額はみなし残業手当（月10時間分・1万8400円以上）を含みます。
※超過分の残業手当は別途支給いたします。
※経験・能力を考慮し決定いたします。

■福利厚生詳細
昇給／給与改定 年2回（6月・12月）
各種社会保険完備
交通費（月3万円まで）
時間外手当（超過分支給）
企業型確定拠出年金（401K）
定期フォローアップ面談
定期健康診断
インフルエンザ予防接種
各種社員交流イベント
副業OK
オフィス内禁煙・分煙
有料Eラーニングを無料利用可能
資格取得支援制度（ITパスポート、MOS資格など）
└300以上の取得推奨資格を定めており、受験費用を全額負担！",正社員,"神奈川県横浜市西区
"
12.ITインフラ・クラウドサービスエンジニア,https://xn--pckua2a7gp15o89zb.com/jb/2ec4283e00c005db43961f3919e78558,ヤマハモーターソリューション株式会社,静岡県 磐田市 御厨駅,年収460万円～700万円,【求人名】12.ITインフラ・クラウドサービスエンジニア 【採用企業名】ヤマハモーターソリューション株式会社,正社員,1日前,"在宅ワーク, 英語活用, WワークOK, 交通費, 産休・育休, 家族手当, 短時間OK",英語,かんたん応募,"フレックスタイム制度（フレキシブルタイム6:30～22:00、コアタイム無）
標準就業時間帯：8:45～17:30（8時間）
※試用期間は適用対象外
※休憩時間：45分
副業OK,時短勤務,リモート可,フレックス制
残業20時間以下
土日休み
年間休日121日
週休2日制（弊社カレンダーによる）
長期休暇（年3回/9日間前後：年末年始・GW・夏季）
年間有給休暇10日～20日（下限日数は、入社半年経過後の付与日数となります）
※有給休暇の3連続・5連続取得制度、半日単位の取得制度有り",暂无信息,"460万円~700万円
月給制
月給：280,000円～360,000円
昇給有無：有／年1回（4月）
残業手当：有
※経験、能力を考慮の上、規定により決定します。
社宅/家賃補助制度あり,産休/育休実績あり
社会保険完備：雇用保険、労災保険、健康保険、厚生年金保険
退職金制度：勤続1年以上
財形貯蓄制度
育児・介護休職制度
事業所内託児施設（わいわいランド）
資格取得支援制度
クラブ活動
ヤマハ健康保険関連施設
社員食堂：有
人間ドック・家族健診・婦人科がん検診
ヤマハ発動機従業員持株会制度
ジュビロ磐田年間シート
ヤマハ発動機グループ従業員販売制度
共済会制度（結婚・出産祝金、慶弔金など）
団体保険（生命保険・自動車保険）
ヤマハ発動機総合保障保険
通勤手当：全額支給
家族手当：扶養対象者により18,000円または3,000円
時間外勤務手当
住宅手当（支給条件有り）
資格取得報奨金（支給条件有り）
あり
年2回（6月、12月）","正社員（無期契約）
あり
3ヶ月
試用期間はフレックスタイム制度が適用対象外","静岡県
勤務地詳細1：磐田事業所（ヤマハ発動機本社内）
住所：静岡県磐田市新貝2500
勤務地最寄駅：東海道線／御厨駅
受動喫煙対策：敷地内全面禁煙

勤務地詳細2：本社
住所：静岡県磐田市岩井2000-1
勤務地最寄駅：東海道線／磐田駅
受動喫煙対策：屋内全面禁煙

勤務地詳細3：磐田事業所（天平のまち内）
住所：静岡県磐田市中泉1-6-16
勤務地最寄駅：東海道線／磐田駅
受動喫煙対策：建屋内全面禁煙

＜在宅勤務・リモートワーク＞
在宅勤務可、但し全て在宅勤務は不可（部門毎に出社ルールを設定）
なし"
東証プライム上場企業「CAD・PLM製品向けITインフラエンジニア」年間休日127日,https://xn--pckua2a7gp15o89zb.com/rd/?uaid=l0e80ff52fa4637b165005524f464ce16&p=t%2BAK7k0GmMUr0ZRss/MBm/aPtyNmUwPDlxq5na6h5BW/hOKvofor0d9J57FglKvqYwiFeMkWndmT0W2HAn3Y8J/O81UF3iUb99fkxRIgTTz5n5JcUE/Wz5Xr0/xvzK3QIjMI24e5ckRXzZ5Q%2Btn4AqFBQPIzGtX2OvBe1qhXvz7RBbumC3ePvORGEvwGOCxZ6EPZFhNUVkI2Id/w7DaFByn250JlhHD10%2BRqCOJWqezScfFELqMOANKvqyRCHUK9jtFAhUcbL7ck/HFBAX3SyovxCrKySwxa/ns5UcmMJhl6Ql8YRTcSmX/prEeaBmrxakvyLLPWv0izE2/OGTMVt/mi5L2Aob3urH2XOfbZKRGmQAcN9PfJitzvwYAfw5mH3p0JPqvD68zaOlKstAVTSnxvV53iHMuy9GCRaBIRP0Dmq35k6XBDXJesuqsHXxleWmT6nP3kUPM50dl5iF3JQCkQ8fq6ekiM6khj0ujxQPZp8ldzwhQczeKXYrSjTw71r50jzGLSA4OTPy/lme37GA%3D%3D&ph=816bdd5c54d6&phv=1,株式会社図研,神奈川県 横浜市 センター南駅 徒歩15分,年収480万円,【仕事内容】自社CAD、PLM製品のオンプレミスやパブリッククラウド環境に対するITインフラ(ハードウェア...ITインフラ運用管理、またはサーバー関連製品サポート経験3年以上のいずれかに合致する方,正社員,1日前,"在宅ワーク, 英語活用, Azure, 家族手当, Windows, CAD, 特別休暇","Windows, Azure, 英語",かんたん応募,"平日9：00～17：45（休憩60分）
平均20時間/月
年間休日127日完全週休2日制（土・日）、祝日、夏季、年末年始、有給、特別休暇",暂无信息,"年収
480万円
650万円
基本給：23.0万円～29.5万円諸他手当：3.0万円～5.5万円残業手当：4.3万円～5.8万円月給給与：30.3万円~40.8万円【各種手当】通勤手当：全額支給（普通運賃に限る）家族手当：子供扶養1.1万円、他1人当り4千円※支給条件あり住宅手当：2万円通勤手当：あり賞与年2回（5カ月）昇給年1回（4月）
【定年】60歳定年後65歳までの再雇用制度あり【教育研修】階層別研修：昇格時に行われます。目的別研修：中堅社員には、ヒューマンスキルとともに、提案力強化や問題解決能力などのコンセプチュアル・スキル向上のための研修など、目的別の研修を行います。【自己啓発プログラム】・コンピュータスキルソフトウェア開発の基本的、専門的知識・技術向上をバックアップするために、情報処理技術者試験センター主催の試験合格者に対し報奨金を支給しています。・語学スキルヨーロッパ現地法人エンジニアとのソフトウェア仕様検討や海外ユーザーとの折衝など、語学スキルが求められる場面が多々あります。社員の英語能力向上をバックアップするために、TOEICスコアに応じた報奨金を支給しています。【その他福利厚生】財形貯蓄制度、従業員持株会制度、確定拠出年金制度、退職金制度、検診制度、レクリエーション補助制度、会員制リゾートホテル利用制度(リゾートトラスト)、契約保養所、慶弔・災害見舞金制度、報奨金制度（情報処理技術者試験、TOEICスコア）、社員食堂（本社・中央研究所のみ）、マイカー通勤制度（本社・中央研究所のみ）、リモートワーク制度有り（試用期間中は除く）
健康保険・厚生年金・雇用保険・労災保険","正社員
期間の定めなし
3ヶ月","神奈川県
神奈川県横浜市都筑区荏田東2-25-1（本社中央研究所）
会社の定める場所(リモートワークを行う場所を含む）
横浜市営地下鉄線　センター南駅　徒歩15分横浜市営地下鉄線　都筑ふれあいの丘駅　徒歩10分
当面無し"
IT事務／プライベート充実／未経験歓迎／月給30万円可,https://xn--pckua2a7gp15o89zb.com/jb/31b4272f293196c188d08ba70b54930f,未找到公司名称,東京都 港区,"月給25万3,400円～47万3,750円",【仕事内容】オフィスワークしながらITスキルも伸ばせる!/ 「ITスキルを身につけたい」その気持ちだけで大歓迎!...,正社員,14日以上前,"未経験OK, 英語活用, EXCEL, 研修あり, 土日祝休, VBA, 禁煙・分煙","英語, EXCEL",かんたん応募,"■勤務時間詳細
9:00～18:00

■休日詳細
＼年間休日120日以上／
土曜日・日曜日・祝日
GW休日
夏季休暇
年末年始休日
有給休暇
長期・連続休暇（5日以上の連続休暇も取得可能）
産前・産後休暇 ★男性、女性ともに取得実績あり！
育児休暇 ★男性、女性ともに取得実績あり！

＼自分の時間を大切にできます！／
プライベートを満喫する社員が多数
先輩たちの仕事終わりの過ごし方は…

☆英語や中国語、韓国語を勉強
☆アニメやゲーム、映画、韓流ドラマを堪能
☆野球やサッカーなどスポーツでリフレッシュ
☆アパレルブランドで買い物
◇犬や猫などペットと過ごす など",暂无信息,"月給25万3,400円～47万3,750円
■給与詳細
月給25万3400円以上～47万3750円以上＋各種手当
 ※未経験からでも30万円以上の給与提示実績あり

※上記給与額はみなし残業手当（月10時間分・1万8400円以上）を含みます。
※超過分の残業手当は別途支給いたします。
※経験・能力を考慮し決定いたします。

■福利厚生詳細
昇給／給与改定 年2回（6月・12月）
各種社会保険完備
交通費（月3万円まで）
時間外手当（超過分支給）
企業型確定拠出年金（401K）
定期フォローアップ面談
定期健康診断
インフルエンザ予防接種
各種社員交流イベント
副業OK
オフィス内禁煙・分煙
有料Eラーニングを無料利用可能
資格取得支援制度（ITパスポート、MOS資格など）
└300以上の取得推奨資格を定めており、受験費用を全額負担！",正社員,"東京都港区
"
はたらきがいのある会社ランキング「大企業部門」上位!／適性に応じた配属／「ITコンサルタント・PM」,https://xn--pckua2a7gp15o89zb.com/rd/?uaid=le159deeb36e5dd563965289656817dd1&p=t%2BAK7k0GmMUr0ZRss/MBm4fRChcSkhOnWORUWb0zAdZgcU%2BaU%2BZvfa%2BTCqvzpdMTlI7fbMUjlo/426nCnkHf4p/O81UF3iUb99fkxRIgTTz5n5JcUE/Wz5Xr0/xvzK3QIjMI24e5ckRXzZ5Q%2Btn4AqFBQPIzGtX2OvBe1qhXvz7RBbumC3ePvORGEvwGOCxZ6EPZFhNUVkI2Id/w7DaFByn250JlhHD10%2BRqCOJWqezScfFELqMOANKvqyRCHUK9jtFAhUcbL7ck/HFBAX3SyhKnSI/vjXSv34lTofrqpTJ6Ql8YRTcSmX/prEeaBmrxakvyLLPWv0izE2/OGTMVt/mi5L2Aob3urH2XOfbZKRG5AzhFXmJSnvJNEooch/tM2afV6jA6TNGlLCNwnqZfXXw5YcSLioexQ5BrqbITTxApEPH6unpIjOpIY9Lo8UD2qp7cnmIr/o2ucVD%2BbptwilOPEWOsgU9cTsYstGyGXOc%3D&ph=aeb8aa7667f8&phv=1,パーソルキャリア株式会社,東京都 港区 神谷町駅 徒歩6分,"月給45万9,100円",【仕事内容】自社の業務システムやWebサービスにおけるITコンサルタントやプロジェクトマネージャー(社内向けITコンサル)を募集しています。...,正社員,1日前,"フルリモート, 英語活用, 禁煙・分煙, 社保完備, 特別休暇, 交通費, 年俸制",英語,かんたん応募,"勤務形態：フレックスタイム制度■標準的な勤務時間例／10:00～19:00（休憩時間60分） コアタイムあり休憩／60分
想定：15時間※時間外労働の有無に関わらず、30時間分の裁量労働手当を支給（金額は給与備考をご参照ください）※固定時間外手当の30時間を超える時間外労働分についての割増賃金は追加で全額支給※時間管理方法が裁量労働制となる場合は、裁量労働手当を固定時間外手当と同様の30時間分を支給
年間休日124日年間有給休暇10～20日備考2025年度年間休日124日／週休2日制（土日）、国民の祝日、年末年始（12/30～1/3）年次有給休暇、夏季休暇（事業部門別のカレンダーに準ずる）、特別休暇",暂无信息,"月給
459,100円
給与形態年俸想定給与550万円～860万円 (基本給： 372,200 円 ～)固定残業あり固定残業時間30 時間※想定労働時間とは別に見込まれた残業時間です固定残業代86,900 円 ～給与備考※想定給与は固定時間外手当を含んだ金額です。月額基本給については以下をご確認ください。■予定年収：550万円～860万円 ■月給：459,100円～717,300円■月額基本給：372,200円～581,900円 ■月給固定額：459,100円～717,300円※時間外労働の有無に関わらず、30時間分の時間外手当として86,900円～135,400円を支給※固定時間外手当の30時間を超える時間外労働分についての割増賃金は追加で全額支給※時間管理方法が裁量労働制となる場合は、裁量労働手当を固定時間外手当と同様の30時間分を支給※評価等級によって、時間管理方法が異なります■半期年俸制■昇給・賞与：有（年2回 ※2024年度実績）■別途定めるリモートワーク手当を支給（通勤スタイルの適用職種は所属組織の決定に準ずる）・入社時に1回限り、リモートワーク一時金として15,000円を支給
・財形貯蓄制度・企業型確定拠出年金・長期所得補償保険・従業員持株制度・団体保険・団体扱い保険・福利厚生倶楽部（リロクラブとの提携）宿泊施設・レジャー施設・ショッピング・グルメ・エステ等各施設・サービスを特別優待価格にて利用可能・育児代行法人価格提供、家事育児代サービス補助・TOEIC®優待試験・インフルエンザ予防接種補助・独自健保：パーソルキャリア健康保険組合・通勤手当（会社の定める条件の範囲内で全額支給）
社会保険完備","正社員
期間の定めなし
有（3か月間）※待遇等変化なし","東京都
配属組織により、下記いずれかのオフィスとなります。■麻布台オフィス〒106-0041 東京都港区麻布台1-3-1 麻布台ヒルズ 森JPタワー 21F※受動喫煙防止対策：屋内喫煙可能場所あり■大手町オフィス〒100-0004 東京都千代田区大手町1-6-1 大手町ビルヂング5F※受動喫煙防止対策：屋内喫煙可能場所あり■浅草橋オフィス〒111-0052 東京都台東区柳橋1-4-4 ツイントラスビル3F※受動喫煙防止対策：屋内全面禁煙・在宅勤務／リモートワーク可（出社頻度は通勤スタイルにより異なります）■通勤スタイル：ワークスタイルA：:オフィス出社　　　　　　　　ワークスタイルB（リモート勤務／週2～週1日出社 ※月4日以上～10日以下出社）　（地方勤務）：ワークスタイルC（フルリモート勤務／原則出社なし ※出社の場合も月10日以内）※リモートワーク手当：月3000円支給※案件によって異なります
会社の定める就業場所​（リモートワークを行う場所を含む。出向規程に従って出向を命じることがあり、その場合は出向先の定める就業場所）​
■麻布台オフィス東京メトロ日比谷線「神谷町駅」（地下通路5番出口直結）より徒歩約6分東京メトロ南北線「六本木一丁目駅」より徒歩約7分■大手町オフィス地下鉄各線「大手町駅」地上出口E2・C7地下道より直結東京メトロ丸の内線・千代田線より徒歩0分東京メトロ半蔵門線より徒歩2分東京メトロ東西線より徒歩2分都営三田線より徒歩10分■浅草橋オフィスJR総武線「浅草橋駅」より徒歩1分都営浅草線「浅草橋駅」より徒歩2分"
IT事務／ワークライフバランス抜群／研修充実／残業ほぼなし,https://xn--pckua2a7gp15o89zb.com/jb/14421794bcfb8ac80f4fca0cc0a26a36,未找到公司名称,東京都 千代田区,"月給25万3,400円～47万3,750円",【仕事内容】オフィスワークしながらITスキルも伸ばせる!/ 「ITスキルを身につけたい」その気持ちだけで大歓迎!...,正社員,14日以上前,"未経験OK, 英語活用, RPA, VBA, 土日祝休, 研修あり, WワークOK",英語,かんたん応募,"■勤務時間詳細
9:00～18:00

■休日詳細
＼年間休日120日以上／
土曜日・日曜日・祝日
GW休日
夏季休暇
年末年始休日
有給休暇
長期・連続休暇（5日以上の連続休暇も取得可能）
産前・産後休暇 ★男性、女性ともに取得実績あり！
育児休暇 ★男性、女性ともに取得実績あり！

＼自分の時間を大切にできます！／
プライベートを満喫する社員が多数
先輩たちの仕事終わりの過ごし方は…

☆英語や中国語、韓国語を勉強
☆アニメやゲーム、映画、韓流ドラマを堪能
☆野球やサッカーなどスポーツでリフレッシュ
☆アパレルブランドで買い物
◇犬や猫などペットと過ごす など",暂无信息,"月給25万3,400円～47万3,750円
■給与詳細
月給25万3400円以上～47万3750円以上＋各種手当
 ※未経験からでも30万円以上の給与提示実績あり

※上記給与額はみなし残業手当（月10時間分・1万8400円以上）を含みます。
※超過分の残業手当は別途支給いたします。
※経験・能力を考慮し決定いたします。

■福利厚生詳細
昇給／給与改定 年2回（6月・12月）
各種社会保険完備
交通費（月3万円まで）
時間外手当（超過分支給）
企業型確定拠出年金（401K）
定期フォローアップ面談
定期健康診断
インフルエンザ予防接種
各種社員交流イベント
副業OK
オフィス内禁煙・分煙
有料Eラーニングを無料利用可能
資格取得支援制度（ITパスポート、MOS資格など）
└300以上の取得推奨資格を定めており、受験費用を全額負担！",正社員,"東京都千代田区
"
IT事務／昇給チャンス豊富／未経験OK／月給30万円も可能,https://xn--pckua2a7gp15o89zb.com/jb/000833e50da3fa0d2de853fbd7a12708,未找到公司名称,東京都 港区,"月給25万3,400円～47万3,750円",【仕事内容】オフィスワークしながらITスキルも伸ばせる!/ 「ITスキルを身につけたい」その気持ちだけで大歓迎!...,正社員,14日以上前,"未経験OK, 英語活用, RPA, 交通費, 土日祝休, EXCEL, 社保完備","英語, EXCEL",かんたん応募,"■勤務時間詳細
9:00～18:00

■休日詳細
＼年間休日120日以上／
土曜日・日曜日・祝日
GW休日
夏季休暇
年末年始休日
有給休暇
長期・連続休暇（5日以上の連続休暇も取得可能）
産前・産後休暇 ★男性、女性ともに取得実績あり！
育児休暇 ★男性、女性ともに取得実績あり！

＼自分の時間を大切にできます！／
プライベートを満喫する社員が多数
先輩たちの仕事終わりの過ごし方は…

☆英語や中国語、韓国語を勉強
☆アニメやゲーム、映画、韓流ドラマを堪能
☆野球やサッカーなどスポーツでリフレッシュ
☆アパレルブランドで買い物
◇犬や猫などペットと過ごす など",暂无信息,"月給25万3,400円～47万3,750円
■給与詳細
月給25万3400円以上～47万3750円以上＋各種手当
 ※未経験からでも30万円以上の給与提示実績あり

※上記給与額はみなし残業手当（月10時間分・1万8400円以上）を含みます。
※超過分の残業手当は別途支給いたします。
※経験・能力を考慮し決定いたします。

■福利厚生詳細
昇給／給与改定 年2回（6月・12月）
各種社会保険完備
交通費（月3万円まで）
時間外手当（超過分支給）
企業型確定拠出年金（401K）
定期フォローアップ面談
定期健康診断
インフルエンザ予防接種
各種社員交流イベント
副業OK
オフィス内禁煙・分煙
有料Eラーニングを無料利用可能
資格取得支援制度（ITパスポート、MOS資格など）
└300以上の取得推奨資格を定めており、受験費用を全額負担！",正社員,"東京都港区
"
「リーダー候補」社内SE兼ヘルプデスクIT×人材業界／インフラ,https://xn--pckua2a7gp15o89zb.com/rd/?uaid=le459452dbf16ae490dce834d636313c0&p=t%2BAK7k0GmMUr0ZRss/MBm6vm9HtEnpvF3u1GGtq7OTfoo4Y35rvjfG5mdrs/nYjqrST/pa1odr5h3hUBdjCAsQ%2Bf6DkuB%2BuBT466X1tsR7NZQBkxjDBKIT8gZ%2BXpqcUGoftjdNyTVdLGR2pfgAM6JOid2Elqbm9BLJLjl1VcJRehnQ/nuBqf0bMLdhkcr1y2nPY2kuJvIo74T/VFS1hSidXOJ1Ii58pFMSFP/l4qkbIsM3Tm1NKcQwBR1uI7n3LI6defPCBcJ/ndO02QKvx1twVxo7Y%2Bxb0mswu3QMwMBpIjMl/il76eVXeTIfZ%2B2M0QEEGFHkE%2BUwFxK2aUry9HbE0g6yVmuolOWd0D7iCsZbM6kUA78liu3ZTzkPWedXrvAiWjCWDOsLE8TMGURxWD0%2BF694HSpNrwlYysZm55K5PfIE9dsIjic5PnUK1cPLIt2lcbvVpUTUC7f9WdUUrxapz3Wj/zn7J5tdrJecnYtz6Qs6NIttu9C6WDjV/TF9KdHl2hnCdFxFqlac4/eN6Emw%3D%3D&ph=0f85fcbe8090&phv=1,株式会社ギークリー,東京都,年収500万円～700万円,【仕事内容】<職種>IT技術職>情報システム・社内SE<業種>サービス>人材紹介・人材派遣...IT資産管理(PCキッティング、アカウント管理 等)・ITに関する問い合わせ・相談対応(メール・対面)...,正社員,10時間前,"在宅ワーク, 女性活躍, ビッグデータ, 交通費, 年休120日～, 禁煙・分煙, ベンチャー",ビッグデータ,通常申请,暂无信息,暂无信息,暂无信息,暂无信息,暂无信息
IT事務／横浜勤務／未経験OK／昇給チャンス豊富／月給30万円可,https://xn--pckua2a7gp15o89zb.com/jb/49215310c24961d3d8ff9db63126f3d0,未找到公司名称,神奈川県 横浜市 西区,"月給25万3,400円～47万3,750円",【仕事内容】オフィスワークしながらITスキルも伸ばせる!/ 「ITスキルを身につけたい」その気持ちだけで大歓迎!...,正社員,14日以上前,"未経験OK, 英語活用, 資格取得支援, 年休120日～, 土日祝休, EXCEL, 社保完備","資格, 英語, EXCEL",かんたん応募,"■勤務時間詳細
9:00～18:00

■休日詳細
＼年間休日120日以上／
土曜日・日曜日・祝日
GW休日
夏季休暇
年末年始休日
有給休暇
長期・連続休暇（5日以上の連続休暇も取得可能）
産前・産後休暇 ★男性、女性ともに取得実績あり！
育児休暇 ★男性、女性ともに取得実績あり！

＼自分の時間を大切にできます！／
プライベートを満喫する社員が多数
先輩たちの仕事終わりの過ごし方は…

☆英語や中国語、韓国語を勉強
☆アニメやゲーム、映画、韓流ドラマを堪能
☆野球やサッカーなどスポーツでリフレッシュ
☆アパレルブランドで買い物
◇犬や猫などペットと過ごす など",暂无信息,"月給25万3,400円～47万3,750円
■給与詳細
月給25万3400円以上～47万3750円以上＋各種手当
 ※未経験からでも30万円以上の給与提示実績あり

※上記給与額はみなし残業手当（月10時間分・1万8400円以上）を含みます。
※超過分の残業手当は別途支給いたします。
※経験・能力を考慮し決定いたします。

■福利厚生詳細
昇給／給与改定 年2回（6月・12月）
各種社会保険完備
交通費（月3万円まで）
時間外手当（超過分支給）
企業型確定拠出年金（401K）
定期フォローアップ面談
定期健康診断
インフルエンザ予防接種
各種社員交流イベント
副業OK
オフィス内禁煙・分煙
有料Eラーニングを無料利用可能
資格取得支援制度（ITパスポート、MOS資格など）
└300以上の取得推奨資格を定めており、受験費用を全額負担！",正社員,"神奈川県横浜市西区
"
社内SEネットワークエンジニア業界内でもずば抜けたIT投資,https://xn--pckua2a7gp15o89zb.com/rd/?uaid=lfc179042daa57ec2af8166ff39ceac05&p=t%2BAK7k0GmMUr0ZRss/MBmyP8B1C9c00Zqn9v3/E8pF/A4SefYYTjf5LJVjL3GGVxFbi6Vic%2BMJTisjPm6bIoJAYG0AP8nj3uEmbPeSNblsABqLEWhlK86Zu/dPSlpWVUDocb8ON58EowAxhyyIQpTxvyCwG3h2xSMcn4DmUB02TMODoO2wb5GEh/gWVsYl6LZoWtSYJSfV5r6wzmRxvD4wdnHptqpqhQ6zEyfmIZxsM9AVyO4FQJt43jaSymL3D2L60DhRCgEIfutSo%2BgwN8igUMbMJSNAbyUpAaDpVsw3WwSQjXI0PqQ4g60WwPjLemrDyK2FMp0ujb44FOSms5gIqefV2w1xOrbZLglsWjbv5Sd/D0G%2BynthgaOQCH2Y/ozD1RSXG2MF%2Bq4ZK5s49nNcfSZVTPo%2B534V%2Bx/6gyTpZzW9lWSkiyHiegqNtqtc8Tv/1Xk86Eog6WjcP3/oIRLh2sWWNWnSCd2CxPGafYEqE%3D&ph=48ce73d86cd5&phv=1,株式会社ゼンショーホールディングス,東京都,"年収800万円～1,000万円",【仕事内容】<職種>IT技術職>インフラエンジニア<業種>サービス>外食...<仕事内容>様々な業態のM&Aを通じてグローバルで事業を拡大している当社のネットワークの企画・設計・構築・運用をお任せします。IT×フード...,正社員,10時間前,"女性活躍, 交通費, AWS, 年休120日～, 1000人以上, グローバル, 禁煙・分煙",AWS,通常申请,暂无信息,暂无信息,暂无信息,暂无信息,暂无信息
「キーエンス／グローバルIT推進グループ」セキュリティエンジニアグロー...,https://xn--pckua2a7gp15o89zb.com/rd/?uaid=lb14745fdc83628b1f0fefbcb6cd125e5&p=t%2BAK7k0GmMUr0ZRss/MBm9N6Htil/D7A2S9l3bNm0Qt2DerV%2BG4jgcqwz54wfX9xZCD9qLSCrDwRTqNxrB310wYG0AP8nj3uEmbPeSNblsB%2BRra3AHQQ3m3JN2L8M1SgDocb8ON58EowAxhyyIQpTxvyCwG3h2xSMcn4DmUB02TMODoO2wb5GEh/gWVsYl6LZoWtSYJSfV5r6wzmRxvD4wdnHptqpqhQ6zEyfmIZxsOBVKeGQ2HDFH4vzOX929bJr8/3UX3kd9%2BYOPNaEkCPCAUMbMJSNAbyUpAaDpVsw3WwSQjXI0PqQ4g60WwPjLemrDyK2FMp0ujb44FOSms5gPMlVRIEEy7tnXlREBK%2BvY4rckfICKffGXQxtOVB6T8Y0CkveqZY2%2BCjh/wnX13ZHvzJWh5qzR6vKqa6xo8MTAFp4Xuwk/PTAojEiigRR%2Bs0Do/UQT6f/MCPItBQJ4a%2BjYMnd8NjnqZEQKqhmPE4KVJpKwJ1Fta5EU%2B5lN5KczjOIAMtRIfECbg7%2BOb/8aKoLw%3D%3D&ph=6801244260a9&phv=1,株式会社キーエンス,東京都,"年収1,200万円～2,000万円",【仕事内容】<職種>IT技術職>情報システム・社内SE<業種>メーカー>精密・計測機器...世界20カ国に展開する現地法人を含めたグローバル規模でのIT基盤を脅威から守り...,未指定,2日前,"在宅ワーク, 英語活用, 週休2日, Azure, 昇給あり, 賞与あり, 1000人以上","Azure, 英語",通常申请,暂无信息,暂无信息,暂无信息,暂无信息,暂无信息
IT業界での営業職／リモート勤務可,https://xn--pckua2a7gp15o89zb.com/jb/de1ebc1f3bc8f5c695145b43b5347a78,エンライズテック株式会社,東京都 渋谷区,年収312万円,【仕事内容/この仕事のミッション】プライムベンダーや大手SIerに対して、ITエンジニアの技術支援サービスの提案を行います。...【業種メイン】ITコンサルティング 【業種サブ】BPアウトソーシング(営業...,正社員,1日前,"未経験OK, 在宅ワーク, 土日祝休, 増員募集, 交通費, 社保完備, 産休・育休",未指定,かんたん応募,"9:00:00
18:00:00
なし
土日祝休み
120
夏季休暇, 年末年始休暇, 有給休暇, GW休暇, 慶弔休暇, 産休・育休",暂无信息,"312
420
年収例）
基本給220,100円＋固定残業代26,900円（固定残業15H）＋住宅手当10,000円＋リモート手当3,000円）
・賞与：あり

※これまでの経験・前職の給与・スキルなどに応じて支給額を決定します。
※固定残業を超える時間外労働には、別途残業手当を支給します。
※固定残業を超える時間外労働には、別途残業手当を支給します。
業績賞与
１ヶ月分
なし
交通費支給,住宅手当,健康診断,役職手当,社会保険完備,資格取得制度,資格手当
＜各種手当・補助＞
●資格取得奨励制度（2,500円〜30,000円）
●残業代、夜勤手当
●通勤手当（上限30,000円/月）
●住宅手当（5,000円～15,000円）提携の仲介会社利用の場合、契約手数料の家賃1か月分補助
＜その他＞
■各種社会保険完備(提携スポーツクラブ、保養所、レストラン、etc）
■定期健康診断（年1回）
■社内クラブ（5,000円補助）
■懇親会費用の補助
■社内イベント、社員旅行など各種レクリエーション
■バースデープレゼント（amazonギフト券など）
■書籍購入支援（業務で必要となる書籍を会社にて購入）",正社員,"東京渋谷区
本社（リモート併用）"
ITインフラの安定を支えるサポートエンジニアサーバ・ネットワーク管理,https://xn--pckua2a7gp15o89zb.com/rd/?uaid=l3b3b5234aeea35aa4a4fe643e9559083&p=t%2BAK7k0GmMUr0ZRss/MBm9CwAsp%2B7bomRFLWNnaIxKvIgUZ7uvSYC5Ug8hiDKlZmCl8gT%2BokQ/M8YFDYFzrDKQYG0AP8nj3uEmbPeSNblsCjoZC9ymsTqsHN0O7NdZ/vDocb8ON58EowAxhyyIQpTxvyCwG3h2xSMcn4DmUB02TMODoO2wb5GEh/gWVsYl6LZoWtSYJSfV5r6wzmRxvD4wdnHptqpqhQ6zEyfmIZxsPCTiVS/PFDtUnyQOap2/Y2IpYfSK9eZcQia5sOXg4NHwUMbMJSNAbyUpAaDpVsw3WwSQjXI0PqQ4g60WwPjLemrDyK2FMp0ujb44FOSms5gNkrwF%2BaE4ths0GvPWrMd%2BmXZJYOH5D0G6jAkN9kVPTVUrheWlKJkImzT/uFYXvBaA6P1EE%2Bn/zAjyLQUCeGvo06GXRgvUQkuecO8JhVsdKsi/DR%2BrXe7D/PlZDpDxaN8kuvdhsERN6oklx3mlE5lKk%3D&ph=9df82b25c5a3&phv=1,株式会社クリアライズ,茨城県,年収600万円～700万円,【仕事内容】<職種>IT技術職>運用・保守・監視・テクニカルサポート<業種>メーカー>化学・石油,未指定,10時間前,"在宅ワーク, 交通費, 週休2日, Linux, 賞与あり, 禁煙・分煙, 家族手当",Linux,通常申请,暂无信息,暂无信息,暂无信息,暂无信息,暂无信息
大型病院で活躍する「院内IT担当者」 年休125日,https://xn--pckua2a7gp15o89zb.com/rd/?uaid=lf9c522fd2cf1926546fd876cc5e1dd85&p=t%2BAK7k0GmMUr0ZRss/MBm8fVKNRsc4EHkbecaQdKGpW2jdXKom1vw99epoILC98UNYZN/RlDVGOhNGOxnhia7QYG0AP8nj3uEmbPeSNblsAD8xYgfAsrm7ZIto5RAHl/Docb8ON58EowAxhyyIQpTxvyCwG3h2xSMcn4DmUB02TMODoO2wb5GEh/gWVsYl6LZoWtSYJSfV5r6wzmRxvD4wdnHptqpqhQ6zEyfmIZxsM40ZF2KWDvmGSeI4dTtOUu3v5EghkFmtyIahw5e3w0OgUMbMJSNAbyUpAaDpVsw3WwSQjXI0PqQ4g60WwPjLemrDyK2FMp0ujb44FOSms5gElbXflFyKI9xFFDS1Lf5rZLrzDB2ZNxicUPc6aXpoOQvBHKfaJubqvhtcFBfg5QmPYEIYV8LjBMKtm52EmscPaInBvBUsWSiPWK%2BetuAwnPzaBoB/wKQveO2nGwOYwjUA%3D%3D&ph=f673cfaca956&phv=1,株式会社NHCS,福岡県,年収400万円～500万円,【仕事内容】<職種>IT技術職>情報システム・社内SE<業種>IT・インターネット>ソフトウエア,正社員,10時間前,"土日祝休, 禁煙・分煙, 少数精鋭, 社保完備, 交通費, 家族手当, UIターン",未指定,通常申请,暂无信息,暂无信息,暂无信息,暂无信息,暂无信息
地域を支えるマックスバリュ東海本社の社内IT情報システム担当,https://xn--pckua2a7gp15o89zb.com/rd/?uaid=ld5527daa917ce09f60705ec6c90d67be&p=t%2BAK7k0GmMUr0ZRss/MBm107OEnnYQQidh5H2qWcXQNGtzCoGY9z7Y2AaGiKOW9Ukp6PEnttmNn/KS/1Og9zdAYG0AP8nj3uEmbPeSNblsAXcKZI9NVExcWaljNC2zMZDocb8ON58EowAxhyyIQpTxvyCwG3h2xSMcn4DmUB02TMODoO2wb5GEh/gWVsYl6LZoWtSYJSfV5r6wzmRxvD4wdnHptqpqhQ6zEyfmIZxsNNGHzlcFoJcqMBl84uTK9NrWslrthta2WkuAzvLEARKAUMbMJSNAbyUpAaDpVsw3WwSQjXI0PqQ4g60WwPjLemrDyK2FMp0ujb44FOSms5gOUqCfltNhOyIifjF5cC2FELLqjw0GzFEmI4HUSHoDOxhtQLw3zS9sfDCwg%2BdA5508fSZVTPo%2B534V%2Bx/6gyTpZzW9lWSkiyHiegqNtqtc8Tv/1Xk86Eog6WjcP3/oIRLh2sWWNWnSCd2CxPGafYEqE%3D&ph=2cb9df795d28&phv=1,マックスバリュ東海株式会社,静岡県,年収400万円～600万円,【仕事内容】<職種>IT技術職>インフラエンジニア<業種>流通・小売>小売...<業務内容> 社内システムの維持管理やトラブルシューティングを行い、システムの安定稼働を確保します。ITインフラの構築...,未指定,10時間前,"土日祝休, 賞与あり, 短時間OK, 地域密着, UIターン, Juniper, 週休2日",未指定,通常申请,暂无信息,暂无信息,暂无信息,暂无信息,暂无信息
社内ITサポート DX推進・ヘルプデスク 賞与年2回 年間休日124日,https://xn--pckua2a7gp15o89zb.com/jb/69280fa9006d99c345ee74ba4638f9a5,内海建設コンサルタント株式会社,岡山県 岡山市 北区,年収450万円～600万円,【仕事内容】<社内システム管理>ワークフロー、勤怠システム、設計ソフト等の運用管理、更新、エラー対応(現在は外注)<各種IT機器...,正社員,4日前,"平日のみOK, CAD, 週休2日, 交通費, 福利厚生充実, 特別休暇, WEB面接",未指定,かんたん応募,"土日休み

土日祝祭日
年末年始　 盆休暇 　有給休暇　 特別休暇 　創立記念日（5/1）
年間休日124日",暂无信息,"年収450万円～600万円
【給与形態】
月給制
【年収】
450万円～600万円（各種手当込み）
【賞与】
年2回
【昇給】
有り

※残業代は実労働により別途支給
※年齢・知識・経験を考慮の上、当社規定に基づき決定します。

＜賞与＞
年2回",正社員,"岡山県岡山市北区北長瀬本町13番54号

岡山県岡山市北区北長瀬本町13番54号"
設立3年で4名 332名の急成長ITベンチャー／企業とエンジニアを繋ぐ...,https://xn--pckua2a7gp15o89zb.com/jb/920a74280afd2aa7eea6bc787b0805fd,株式会社VISIONARY JAPAN,東京都 千代田区,年収350万円,企業とエンジニアを繋ぐ架け橋に 将来性の高いIT業界<具体的には>...【勤務地】東京都千代田区岩本町2-11-9IT2 5階 【雇用形態】正社員,正社員,1日前,"服装自由, 産休・育休, UIターン, 社保完備, 週休2日",未指定,かんたん応募,"9:30～18:30
所定労働時間：8時間、休憩1時間
固定（一般的な勤務時間）
・完全週休2日制（土日）
・祝日
・有給休暇（10日～勤続年数に応じて最大20日）
・夏季休暇
・年末年始休暇
・GW休暇
・産前・産後休暇（取得実績あり）
・育児休暇（取得実績あり）
・介護休暇
・慶弔休暇
・結婚休暇",暂无信息,"年収
3,500,000円
8,500,000円
・キャリア支援制度
キャリアプラン＆スキルセット設計・実行・フォロー
役員といつでも1on1ミーティングが可能
実力派経営陣がメンターとしてサポート
・Macbook＆モニター支給
・引越し支援制度
賃貸物件紹介、仲介手数料50％以上OFFでUIターンをサポート！
・ベビーシッター利用補助
・退職金制度
・企業型確定拠出年金
・各種社会保険完備
・定期健康診断
・服装自由
・社内イベント（月1回）※参加自由
・社内表彰制度
・全社総会

＼独立した評価機関による評価・認定も多数／
▼マイナビ転職 BEST VALUE AWARD「アワード大賞」を受賞
「給与アップ」「働きかた」「キャリア支援」の3カテゴリーで総合的に優れた成果を挙げた企業へ進呈される『アワード大賞』を受賞！

▼ホワイト企業認定「プラチナ」を取得
役員にいつでも相談できる1on1制度、産育休取得率100%、有給取得の推奨など、働きやすい環境を整えています！",正社員,東京都千代田区岩本町2-11-9 IT2 5階
アプリ開発エンジニア／創業35年目秋葉原にあるIT企業／弊社プライム案...,https://xn--pckua2a7gp15o89zb.com/jb/b28101131d5f72b98afbecdc3cbc5687,株式会社アクセスネット,東京都 千代田区,年収500万円,"【仕事内容/この仕事のミッション】当社プライム案件として数十名が参画しているプロジェクトの増員となります。 業務詳細:IT企画...【業種サブ】ITコンサルティング, その他サービス(無形)",正社員,1日前,"未経験OK, 学歴不問, 土日祝休, 産休・育休, 研修あり, 特別休暇, 家族手当",アプリ開発,かんたん応募,"9:00:00
17:30:00
なし
土日祝休み
125
年末年始休暇, 夏季休暇, 慶弔休暇, 有給休暇, 産休・育休, 特別休暇
■有給休暇（初年度10日）
■産前・産後休暇（取得実績あり）
■育児休暇（取得実績あり）
■アニバーサリー休暇（年2日）",暂无信息,"500
700
■昇給：年1回（1月）
■賞与：年2回（7月、12月）
■昇給：年1回（1月）
■賞与：年2回（7月、12月）
2回
２ヶ月分
なし
交通費支給,健康診断,家族手当,役職手当,社会保険完備,資格取得制度,資格手当,退職金制度
■交通費支給（上限5万／月）
■従業員紹介報奨金制度
■役職手当
■残業手当
■資格取得一時金
└IT系資格を6段階に分け、難易度に応じてお祝い金を支給。支給額は5000円～30万円です。
■慶弔見舞金
■社員親睦会
■保養所
■リゾート施設利用会員
■財形貯蓄制度
■資格取得支援制度
■勤続表彰（3年連続：3万円、5年連続：5万円、10年連続：10万円）
■在籍手当（在籍年数1年ごとに毎月2000円を増額）例　在籍5年　10000円／毎月　支給",正社員,"プロジェクトに準ずる
東京
【23区内のクライアント先】

＜本社＞
東京都千代田区神田練塀町3番地 富士ソフトビル11階"
「インフラエンジニア」国内大手航空グループ唯一のIT戦略企業,https://xn--pckua2a7gp15o89zb.com/rd/?uaid=lbe37bcd498c19bbd444267ca9ea35118&p=t%2BAK7k0GmMUr0ZRss/MBm71ZzHdhLmcjbP5eonxAZE%2Bs7lx%2Bq%2BXW35whBiyExdnz3gZKarZrAof3H3l5we9rVwYG0AP8nj3uEmbPeSNblsD3fZEgH7zXK0QhQ7/WLh8aDocb8ON58EowAxhyyIQpTxvyCwG3h2xSMcn4DmUB02TMODoO2wb5GEh/gWVsYl6LZoWtSYJSfV5r6wzmRxvD4wdnHptqpqhQ6zEyfmIZxsNqqgq%2BkF6iPMYMZsXzvBmEnZ28MO2QWPBXUiNu79tyQLxp5isralP2G5c/7gWqPWCzI8aMslZklGRzOHdwFPCq3JK9baeJfYj%2BTdV0ImmmV04JHhFc6HD73Bkc6Ig4VcM2lqXqCExDupeYYKA6ADmkXG/08i2Z9HiaUHly%2Bh5BQa2Hnalij7EKJMMfnarIg0RPzm4BKda2Z2GNNxmS6yflDo/UQT6f/MCPItBQJ4a%2BjYSCphh%2BNFHnASDwDHsGqqtJU3nOl5j8ALrjPjRbZ7Pe7WjIAUPlVvnjfCtxUl2kaQ%3D%3D&ph=36f3980a0b8b&phv=1,ANAシステムズ株式会社,東京都,年収500万円～900万円,【仕事内容】<職種>IT技術職>インフラエンジニア<業種>IT・インターネット>その他...最近では特に、今までのITシステムの刷新やイノベーションを創出するなど、DX(デジタルトランスフォーメーション)を推進しています。...,未指定,4日前,"在宅ワーク, Cisco, 賞与あり, 短時間OK, DX領域, Windows, VMware",Windows,通常申请,暂无信息,暂无信息,暂无信息,暂无信息,暂无信息
「ITシステム技術者、基幹システム技術者」世界トップクラスの技術とシェ...,https://xn--pckua2a7gp15o89zb.com/rd/?uaid=lbc43b054b112aaaf7641a1accf7c9fff&p=t%2BAK7k0GmMUr0ZRss/MBm%2BbwN8q/vBQ20YXS9XFtZmaf8VDvl0gb%2B%2BX5vSr1vJBFnLb5Buly4wakAxFOPJ4fLgYG0AP8nj3uEmbPeSNblsBv22/4s1mN4WgdrGpbNh%2BCDocb8ON58EowAxhyyIQpTxvyCwG3h2xSMcn4DmUB02TMODoO2wb5GEh/gWVsYl6LZoWtSYJSfV5r6wzmRxvD4wdnHptqpqhQ6zEyfmIZxsOCU6OlqjaXiVJzfmmUsgzNXRaO2PSRFHjv2jcsr4RP/rxp5isralP2G5c/7gWqPWCzI8aMslZklGRzOHdwFPCq3JK9baeJfYj%2BTdV0ImmmV5v8Iwq9jZTOm%2BZQzIyT8RkjYQETs8rucRS1kUW3sgu6za%2BHn%2BVV5zUx7//4REJEirIzbpty9dcgJV4ZiEqdpLXOLwrERnfJSzut%2BK7nbC4Nz7YKyU/0dducsLm4fDjPPzVzMdGWDbW93JQ7Yjevct3JdLO4S6ELTqK6XyJROHpo&ph=1909b4329b33&phv=1,株式会社安川電機,福岡県,"年収800万円～1,000万円",【仕事内容】<職種>IT技術職>SE(Web・オープン系)<業種>メーカー>電気・電子 【経験・資格】<必須(MUST)>ITシステム/基幹システムの企画・開発経験<歓迎(WANT)>・SIer、ITコンサル...,未指定,10時間前,"女性活躍, 英語活用, UIターン, シェア上位, グローバル, 1000人以上, 昇給あり","資格, 英語",通常申请,暂无信息,暂无信息,暂无信息,暂无信息,暂无信息
大阪／ソリューション営業／IT業界にて課題解決型の営業にチャレンジした...,https://xn--pckua2a7gp15o89zb.com/jb/ed586d4e4df1403d20c7586be6179a28,株式会社伸和トータルエンジニアリング,大阪府 大阪市 北区,年収300万円,"【仕事内容/この仕事のミッション】職務内容:営業職として、ITソリューション提案を行っていただきます。...【業種サブ】SIer・SES,ITコンサルティング, 人材派遣, 測量・調査",正社員,1日前,"未経験OK, 学歴不問, 禁煙・分煙, 社保完備, 土日祝休, インセンティブ, 交通費",未指定,かんたん応募,"9:00:00
18:00:00
土日祝休み
120
有給休暇, 夏季休暇",暂无信息,"300
700
◆モデル収入
　30歳 27万/月（固定給）＋100万/年二回（インセンティヴ報酬）
＜昇給有無＞
有

＜残業手当＞
有

＜給与補足＞
弊社基準で制定している成果によってインセンティヴ報酬を別途支給

賃金はあくまでも目安の金額であり、選考を通じて上下する可能性があります。
月給(月額)は固定手当を含めた表記です。

＜試用期間＞
6ヶ月
＜昇給有無＞
有

＜残業手当＞
有

＜給与補足＞
弊社基準で制定している成果によってインセンティヴ報酬を別途支給

賃金はあくまでも目安の金額であり、選考を通じて上下する可能性があります。
月給(月額)は固定手当を含めた表記です。

＜試用期間＞
6ヶ月
あり
交通費支給,社会保険完備,退職金制度
＜各手当・制度補足＞
■通勤手当：月10万まで(３か月分を３分の１ずつ支給)
■退職金制度：10年勤務以上の方

＜その他補足＞
■企業型確定拠出年金（401k）",正社員,"大阪大阪市北区
新本社
住所：大阪府大阪市北区松ケ枝町1-3 いちご南森町ビル 3F"
社内SEシステム企画・導入マネージャー候補／東証プライム上場,https://xn--pckua2a7gp15o89zb.com/rd/?uaid=l8885ec7709e45871d9e847975693a663&p=t%2BAK7k0GmMUr0ZRss/MBm4R78i8GDxVLu1uCPd%2B62c/7KX3Ud2ZU9LeF5d%2Bw5YpJiGzv8fUZc4VTYNC/NZNNNwYG0AP8nj3uEmbPeSNblsDqSt1sqChLN1K8CJ5f4oASoftjdNyTVdLGR2pfgAM6JOid2Elqbm9BLJLjl1VcJRehnQ/nuBqf0bMLdhkcr1y2nPY2kuJvIo74T/VFS1hSidXOJ1Ii58pFMSFP/l4qkbLngHjk5yrfb2hP%2Bb11t%2BVL4xD70CSlRIDdQj0gv0Ni7Y1F4c3oX8A%2BXc8k3P3WO5EjMl/il76eVXeTIfZ%2B2M0QEEGFHkE%2BUwFxK2aUry9HbE0g6yVmuolOWd0D7iCsZbOR7FYlvHymurxhdI6sWkLqrI3O/8JQkSNVlJ8n45z9ubKOdKivu8lgm%2BsCC3ovC8/OLwrERnfJSzut%2BK7nbC4NP2n3wl9xKM2cdCNWjQ31PGkrAnUW1rkRT7mU3kpzOM4gAy1Eh8QJuDv45v/xoqgv&ph=47e81488fc02&phv=1,株式会社ラクス,大阪府,"年収800万円～1,100万円",【仕事内容】<職種>IT技術職>情報システム・社内SE<業種>IT・インターネット>インターネットサービス,未指定,1日前,"在宅ワーク, 女性活躍, UIターン, 産休・育休, Azure, シェア上位, Python","Python, Azure",通常申请,暂无信息,暂无信息,暂无信息,暂无信息,暂无信息
ITコンサルタント／～ほぼ全職種業種に実績有り／新規事業立ち上げに携わ...,https://xn--pckua2a7gp15o89zb.com/jb/029a7777286da4d8b275b80a732c1b7d,株式会社キューブアンドカンパニー,東京都 中央区,年収405万円,【仕事内容/この仕事のミッション】ITコンサルティング業務全般(情報システムに関する想策定およびITプロジェクトのPMOなど)/ITに限らず...,正社員,1日前,"土日祝休, 禁煙・分煙, 交通費, 社保完備, 年俸制, 週休2日, 特別休暇",未指定,かんたん応募,"9:00:00
18:00:00
状況に応じてある
・所定労働時間：8時間00分／休憩60分
・残業：有
・残業手当：有（固定残業手当、超過分は別途支給）
※リーダー職、部長職でのオファーとなった場合は、裁量労働（年俸制）となります。
土日祝休み
有給休暇, 年末年始休暇, 夏季休暇, 特別休暇
■完全週休2日制（土・日・祝）
■創立記念日
※リーダー職、部長職でのオファーとなった場合は、裁量労働（年俸制）となりますので、勤怠管理は行いません",暂无信息,"405
1200
※スキル・経験等を考慮し決定します。
※リーダー職、部長職でのオファーとなった場合は、裁量労働（年俸制）となります。
・固定残業代45時間分を含みます。（超過分は別途支給）
・試用期間：3ヶ月
※スキル・経験等を考慮し決定します。
※リーダー職、部長職でのオファーとなった場合は、裁量労働（年俸制）となります。
・固定残業代45時間分を含みます。（超過分は別途支給）
・試用期間：3ヶ月
なし
交通費支給,健康診断,社会保険完備,資格取得制度
■各種保険（雇用保険、健康保険、厚生年金保険、労働者災害補償保険）
■社員間交流費
■おしゃれ手当
■子育て支援
■図書購入補助
■資格取得補助
■社外研修受講補助
■出張日当
■会社PC貸与
■社員旅行",正社員,"プロジェクトに準ずる
東京
東京都中央区東日本橋2-7-1　FRONTIER東日本橋7F"
IT事務／未経験OK／初年度年収360万円可／残業ほぼなし,https://xn--pckua2a7gp15o89zb.com/jb/3ef17db6ca17baf7805292a13ed40c01,未找到公司名称,東京都 新宿区,"月給25万3,400円～47万3,750円",【仕事内容】オフィスワークしながらITスキルも伸ばせる!/ 「ITスキルを身につけたい」その気持ちだけで大歓迎!...,正社員,14日以上前,"未経験OK, 英語活用, 資格取得支援, WワークOK, 土日祝休, 社保完備, VBA","資格, 英語",かんたん応募,"■勤務時間詳細
9:00～18:00

■休日詳細
＼年間休日120日以上／
土曜日・日曜日・祝日
GW休日
夏季休暇
年末年始休日
有給休暇
長期・連続休暇（5日以上の連続休暇も取得可能）
産前・産後休暇 ★男性、女性ともに取得実績あり！
育児休暇 ★男性、女性ともに取得実績あり！

＼自分の時間を大切にできます！／
プライベートを満喫する社員が多数
先輩たちの仕事終わりの過ごし方は…

☆英語や中国語、韓国語を勉強
☆アニメやゲーム、映画、韓流ドラマを堪能
☆野球やサッカーなどスポーツでリフレッシュ
☆アパレルブランドで買い物
◇犬や猫などペットと過ごす など",暂无信息,"月給25万3,400円～47万3,750円
■給与詳細
月給25万3400円以上～47万3750円以上＋各種手当
 ※未経験からでも30万円以上の給与提示実績あり

※上記給与額はみなし残業手当（月10時間分・1万8400円以上）を含みます。
※超過分の残業手当は別途支給いたします。
※経験・能力を考慮し決定いたします。

■福利厚生詳細
昇給／給与改定 年2回（6月・12月）
各種社会保険完備
交通費（月3万円まで）
時間外手当（超過分支給）
企業型確定拠出年金（401K）
定期フォローアップ面談
定期健康診断
インフルエンザ予防接種
各種社員交流イベント
副業OK
オフィス内禁煙・分煙
有料Eラーニングを無料利用可能
資格取得支援制度（ITパスポート、MOS資格など）
└300以上の取得推奨資格を定めており、受験費用を全額負担！",正社員,"東京都新宿区
"
IT事務／未経験歓迎／キャリアアップ&資格取得支援あり,https://xn--pckua2a7gp15o89zb.com/jb/683a92b812a64410f32d33eecb1dba41,未找到公司名称,東京都 新宿区,"月給25万3,400円～47万3,750円",【仕事内容】オフィスワークしながらITスキルも伸ばせる!/ 「ITスキルを身につけたい」その気持ちだけで大歓迎!...,正社員,14日以上前,"未経験OK, 英語活用, 禁煙・分煙, VBA, 土日祝休, 交通費, 研修あり","資格, 英語",かんたん応募,"■勤務時間詳細
9:00～18:00

■休日詳細
＼年間休日120日以上／
土曜日・日曜日・祝日
GW休日
夏季休暇
年末年始休日
有給休暇
長期・連続休暇（5日以上の連続休暇も取得可能）
産前・産後休暇 ★男性、女性ともに取得実績あり！
育児休暇 ★男性、女性ともに取得実績あり！

＼自分の時間を大切にできます！／
プライベートを満喫する社員が多数
先輩たちの仕事終わりの過ごし方は…

☆英語や中国語、韓国語を勉強
☆アニメやゲーム、映画、韓流ドラマを堪能
☆野球やサッカーなどスポーツでリフレッシュ
☆アパレルブランドで買い物
◇犬や猫などペットと過ごす など",暂无信息,"月給25万3,400円～47万3,750円
■給与詳細
月給25万3400円以上～47万3750円以上＋各種手当
 ※未経験からでも30万円以上の給与提示実績あり

※上記給与額はみなし残業手当（月10時間分・1万8400円以上）を含みます。
※超過分の残業手当は別途支給いたします。
※経験・能力を考慮し決定いたします。

■福利厚生詳細
昇給／給与改定 年2回（6月・12月）
各種社会保険完備
交通費（月3万円まで）
時間外手当（超過分支給）
企業型確定拠出年金（401K）
定期フォローアップ面談
定期健康診断
インフルエンザ予防接種
各種社員交流イベント
副業OK
オフィス内禁煙・分煙
有料Eラーニングを無料利用可能
資格取得支援制度（ITパスポート、MOS資格など）
└300以上の取得推奨資格を定めており、受験費用を全額負担！",正社員,"東京都新宿区
"
トーテックアメニティ株式会社／未経験からキャリアアップ↗️,https://xn--pckua2a7gp15o89zb.com/jb/17a96470ffef62e61e9d940e1c30baf7,トーテックグループ,愛知県 名古屋市 名古屋駅 徒歩7分,年収340万円～500万円,【事業内容】<事業内容>ITソリューション事業とエンジニアリングソリューション事業の二軸で事業を展開しております。1ITソリューション...,正社員,1日前,"未経験OK, 在宅ワーク, 研修あり, メンバー育成, 土日祝休, 産休・育休, 髪型・髪色自由",未指定,かんたん応募,"09:00～17:30
※平均残業時間は、月18時間程度です。
※残業手当は別途全額支給します
残業20時間以下
平均残業時間は、月18時間程度です。
※就業先により、若干異なる場合があります
土日休み
経済産業省より「ホワイト500」に認定されています！
年休123日／完全週休2日制（土日祝休）だから、オンもオフも充実した働き方ができます！

■年間休日123日
■完全週休2日制（土・日）
■祝日休み
■年末年始休暇
■GW休暇
■夏季休暇
■慶弔休暇
■有給休暇：取得率90%！平均取得日数13日前後
■産前・産後休暇：取得実績あり
■育児休暇（直近3年実績：出産11名中11名取得）
■介護休暇
■生理休暇
■特別休暇

◎10日前後の長期連休取得も可能！遠方への旅行、帰省などもしやすい環境です
◎産休・育休の取得率100％！（直近3年の男性育休取得実績：13名中6名取得）
⇒男性については、希望者の取得が100％となっております。",暂无信息,"340万円~500万円
月給 205,500円 ～ 220,000円 
（※想定年収 3,400,000円 ～ 5,000,000円）
※給与は学歴と年齢を考慮して決定→月給例：大卒以上/月給22万0,000円 
※残業手当は別途全額支給 
※※研修期間3ヶ月は月給200,000円

【社員の年収例】
23歳（経験1年）／380万円（一般社員の場合）
26歳（経験4年）／430万円（一般社員の場合）
30歳（経験8年）／500万円（一般社員の場合）
産休/育休実績あり
⭐️充実した福利厚生・待遇面も当社の魅力⭐️
教育補助制度は、全て事後申請で利用できるなど、社員が制度を最大限利用できる仕組みがあります！

＜各種制度＞
◎充実した福利厚生制度をご用意しています！
■各種社会保険完備
■教育補助（年5万円まで／資格取得、通信教育、書籍など）
■奨学金返済支援制度（年6万円）
■退職金制度（入社3年目以降の社員）
■スポーツ観戦（Jリーグ、野球、バスケットボールなどのチケットを配布）
■慶弔見舞金
■表彰制度（年2回）
■資格取得祝い金
■資格取得支援制度(合格したら受験料は全額補助★)
■トーテックビジネスカレッジ（年間200講座以上が無料で受講可能！）
→プログラミング～ヒューマンスキル、バランスボールまで多種多様

＜その他＞
■定期健康診断（社員・被扶養者）
■サ活等温浴施設の利用補助
■フィットネスクラブ、テーマパーク利用優待券
■ジムやヨガなど健康増進活動補助有り
■提携ゴルフ場、提携スキー場、提携ボーリング場を特別割引価格で利用可
■社員懇親会
■提携銀行住宅ローンの金利優遇
■宿泊費用補助
■禁煙インセンティブ・禁煙外来受診費用補助
■リモートワーク補助
■服装髪型自由

＜クラブ活動（例）＞
野球、サッカー、テニス、自転車、釣り、サバゲ―、自動車、スポーツ観戦、ボードゲーム、バンド活動　など30クラブ以上！
★活動費支給
★自由参加
■交通費全額支給
■時間外手当（見込残業無し）
■役職手当
■家族手当
■住宅手当
■地域手宛
■退職金制度
■財形貯蓄制度
あり
年2回（6月・12月）※実績4.5カ月分／昨年実績
⇒あなたの頑張りはしっかり還元します！","正社員（無期契約）
あり
試用期間3カ月（短縮あり）
※試用期間中は月給20万円","岐阜県,愛知県
◇ 名古屋本社、もしくは愛知県・岐阜県の各プロジェクト先（メインは愛知県）

～本社は名古屋駅から徒歩7分♪～
愛知県名古屋市西区名駅２－２７－８名古屋プライムセントラルタワー７Ｆ（最寄駅：名古屋駅）

◇ 希望がない限り転勤なし
◇  U・Iターン歓迎
会社の定める範囲
なし"
インサイドセールス／フリーランスIT人材を企業へ紹介／リモート有,https://xn--pckua2a7gp15o89zb.com/jb/2dc8829b2c3ca8b4351d7b09708c10ec,株式会社エイジレス,東京都 品川区 五反田駅 徒歩10分,年収400万円,【仕事内容/この仕事のミッション】<業務概要>慢性的な人材不足に悩むIT業界に対して、ミドル・シニア層のIT人材を企業とつなぐ「フリーラン...,正社員,1日前,"未経験OK, 在宅ワーク, 産休・育休, 禁煙・分煙, 土日祝休, 増員募集, 特別休暇",未指定,かんたん応募,"10:00:00
13:00:00
なし
■就業時間
- 1ヵ月単位のフレックスタイム制（基本1 ⽇8 時間勤務）
- コアタイム 10:00〜13:00
※毎週水曜日リモートワークデー
土日祝休み
120
有給休暇, 夏季休暇, 年末年始休暇, 特別休暇, 産休・育休, 介護休暇
・週休2日制（基本は土日祝／月1回程度、候補者面談対応で土日勤務の可能性あり／平日に振替休日）
・年次有給休暇（入社半年経過後10日付与）
・夏季休暇（3⽇）
・年末年始休暇（12⽉30⽇～1⽉3⽇）
・介護・看護休業",暂无信息,"400
600
年収500万円（入社1年目・24歳）
年収750万円（入社1年目・32歳）
【給与補足】
■月給内訳
- 基本給／月：219,170円〜 328,760円
- 固定残業手当／月（40時間相当）：66,830円〜10,240円
　※40時間超過分については別途支給

【その他補足】
■給与査定：年2回（4月・10月）
■賞与：年2回（4月・10月）
　標準支給目安：各回月給0.5ヶ月～1.5ヶ月分（標準1.0ヶ月分）
■通勤手当：全額支給（上限月額50,000円）
■試用期間：3ヵ月（本採用後と同条件）
【給与補足】
■月給内訳
- 基本給／月：219,170円〜 328,760円
- 固定残業手当／月（40時間相当）：66,830円〜10,240円
　※40時間超過分については別途支給

【その他補足】
■給与査定：年2回（4月・10月）
■賞与：年2回（4月・10月）
　標準支給目安：各回月給0.5ヶ月～1.5ヶ月分（標準1.0ヶ月分）
■通勤手当：全額支給（上限月額50,000円）
■試用期間：3ヵ月（本採用後と同条件）
2回
１ヶ月分
交通費支給,健康診断,役職手当,社会保険完備
・社会保険完備（健康保険、厚生年金、雇用保険、労災保険）
・定期健診
・週1日リモートワーク（水曜日）
・フレックスタイム制（コアタイム10:00~13:00）
・書籍購入支援
・ChatGPT有料版　全社利用
・シャッフルランチ（月1回、他部署メンバーとのランチ交流）
・絆支援（3か月に1回、他部署との食事会）
・プレミアムフライデー（月末金曜日は15時から社内での飲食会）
ストックオプションあり",正社員,"東京品川区
〒141-0031
東京都品川区西五反田八丁目9番5号 FORECAST五反田WEST10階
JR山手線五反田駅より徒歩10分"
IT営業 異業種からのチャレンジ大歓迎,https://xn--pckua2a7gp15o89zb.com/jb/295aa5fb96165e4ebe4c46add7526e2a,株式会社エヌエス・フューチャー,東京都 中央区,年収300万円,【仕事内容】お任せするのは、パートナー企業の新規開拓をするIT営業です。具体的には〇新規パートナー企業の開拓〇開拓した企業の管理〇新規プロジェクト受注のための提案活動〇エンジニアの管理、フォローなどIT営業経験がある方は勿論、異業種から挑戦したい!といった方も大歓迎です。 【職種名】法人営業 【会社名】株式会社エヌエス・フューチャー 【勤務地】東京都中央区新川1-2-14...,正社員,1日前,"家族手当, 週休2日, 資格取得支援, 禁煙・分煙, 交通費, 社保完備, 産休・育休",資格,かんたん応募,"9：00～18：00
・所定労働8時間
・休憩60分
固定（一般的な勤務時間）
■完全週休2日制（土・日）
■祝日
■有給休暇（入社6ヶ月後から10日付与。最大20日）
■GW休暇
■夏季休暇
■年末年始休暇
■慶弔休暇
■産休・育休
■慶弔休暇",暂无信息,"年収
3,000,000円
5,000,000円
■昇給年2回
■各種社会保険完備（雇用、労災、健康、厚生年金）
■交通費全額支給
■時間外手当（全額）
■住宅手当（月1万円～2万円）
■扶養手当（配偶者月1万円／子1人5000円）
■職能手当
■技術手当
■業務手当
■資格取得支援制度
■再雇用制度
■社員紹介制度",正社員,東京都中央区新川1-2-14 新川一丁目ビル3階
研修から始めるITエンジニア,https://xn--pckua2a7gp15o89zb.com/jb/834ce73b84c5544ba70c32232dd39f84,未找到公司名称,北海道 札幌市,年収350万円～500万円,【仕事内容】充実の研修とサポート体制であなたのエンジニアデビューを叶えます!POINT 配属先は100%IT企業!...,正社員,9日前,"未経験OK, 在宅ワーク, 女性活躍, Linux, 産休・育休, 土日祝休, RPA",Linux,かんたん応募,"9：00～18：00 (所定労働時間:8.0h / 休憩時間:60分)
※プロジェクト先により異なります。
★残業少なめでワークライフバランスも抜群！
プライベートもしっかりと楽しむことができます♪
月10時間未満
年間休日：121日
■完全週休2日制（土日祝またはシフト制）※プロジェクト先により異なります
■慶弔休暇
■有給休暇（半休制度あり）
■半休制度
■産前・産後休暇（取得実績100％）
■育児休暇（復帰率100%、男性取得実績あり）
■結婚休暇
■裁判員休暇

休暇制度もばっちりでメリハリのある働き方を実現
5日以上の連続休暇もOK！産休・育休（取得実績100％）や結婚休暇制度など
ライフイベントへの配慮も整っており安心して長く働ける環境です！",暂无信息,"年収350万円～500万円
・通勤手当（50,000円位まで）
・健康保険・厚生年金・雇用保険・労災保険",正社員,"北海道札幌市
"
ITコンシェルジュ・ITヘルプデスク／残業10時間程度／キャリアの幅あ...,https://xn--pckua2a7gp15o89zb.com/jb/36a2608943a5a975e2e0e4ece9ed6f56,未找到公司名称,東京都,年収350万円～500万円,【仕事内容】ご入社後、大手お客様先企業にてITに関するさまざまなお困りごとを解決する、ITコンシェルジュ・ITヘルプデスク業務を担当していた...【対象となる方】IT関連の業務経験がある方(ITヘルプデスク...,正社員,10日前,"未経験OK, 在宅ワーク, 女性活躍, 社保完備, 研修あり, 退職金あり, 交通費",未指定,かんたん応募,"■ 年間休日120日以上
■ 完全週休2日制(プロジェクトによりシフト勤務あり）
■ 年末年始休暇
■ 有給休暇
■ フレックス休暇
■ 慶弔休暇
■ 産前・産後休暇
■ 育児休暇
■ 看護休暇
■ 子の看護休暇 など

※ 配属先プロジェクトによってはシフト勤務の可能性あり",暂无信息,"年収350万円～500万円
■ 社会保険完備
■ 時間外手当 全額支給
■ 交通費全額支給
■ 退職金あり（総合職正社員のみ）
■ 在宅勤務手当",正社員,"東京都
千葉県
神奈川県

■ 最寄り駅：勤務地が複数個所なので該当無し。
※ 就業場所の変更の範囲：会社の定める就業場所。"
