职位标题,职位链接,公司名称,工作地点,薪资待遇,职位描述,职位类型,发布时间,职位特征,所需技能,申请类型
事業成長に伴走!情シスや社内ITの運用経験を活かし、次のステップに挑戦...,https://xn--pckua2a7gp15o89zb.com/rd/?uaid=l9973cd8c4175297c0a44ab1953a50e8b&p=t%2BAK7k0GmMUr0ZRss/MBm84Bsc9JbJXlV9dxyKOslUczWkJnQizOuzrelvKbIk1XVLcnb5pWLYkLHKD6rUqasw%2Bf6DkuB%2BuBT466X1tsR7NmCkNnPvTxVKI6tbPKWfxXDocb8ON58EowAxhyyIQpTxvyCwG3h2xSMcn4DmUB02TMODoO2wb5GEh/gWVsYl6LZoWtSYJSfV5r6wzmRxvD4wdnHptqpqhQ6zEyfmIZxsOBVKeGQ2HDFH4vzOX929bJ2r4Dvq%2Bqv5JYs5mfAHtmzwUMbMJSNAbyUpAaDpVsw3WwSQjXI0PqQ4g60WwPjLemrDyK2FMp0ujb44FOSms5gItP%2BtIIwNfv2R7/Jjs/q0tC%2BIeuugpK0/T5cQUV7f3xzAebCIKdgRt2XYAOMvCeGHdQE34Ve%2BurYGGdd3IpUL7vgY1DKTErg8kQploah51WuKoZBMFBMMZHhQU7LzuLg/ox7CkR%2BslP2QVpDqIQxLs%3D&ph=ab8bf67e240f&phv=1,MOON-X株式会社,東京都,年収500万円～600万円,【仕事内容】<職種>IT技術職>情報システム・社内SE<業種>IT・インターネット>インターネットサービス 【経験・資格】<必須(MUST)>・情報システム部門または社内ITとしての実務経験(2年以上)...,未指定,1日前,"在宅ワーク, 女性活躍, 社保完備, Windows, 賞与あり, 週休2日, 昇給あり","Windows, 資格",通常申请
「リモートメイン×自由な働き方」IT統制担当者,https://xn--pckua2a7gp15o89zb.com/rd/?uaid=lf4dd4efd0f7908d03b7277868a0d9095&p=t%2BAK7k0GmMUr0ZRss/MBm1tY458WQigqsCnM0NJBj8MluwhHljT3C2ZKJdSV6Us158OV%2BnFLD74m0nyqch37cQ%2Bf6DkuB%2BuBT466X1tsR7Ok1zUelZ31ztj5MfHoDXuvDocb8ON58EowAxhyyIQpTxvyCwG3h2xSMcn4DmUB02TMODoO2wb5GEh/gWVsYl6LZoWtSYJSfV5r6wzmRxvD4wdnHptqpqhQ6zEyfmIZxsOuWNFLZjhzWyteIvCRrVau4VOQydHLG4iKp8GWuvCeIwUMbMJSNAbyUpAaDpVsw3WwSQjXI0PqQ4g60WwPjLemrDyK2FMp0ujb44FOSms5gJ5CaJBStTfVJIoM7U8kx7mdKT%2BTosyMTgTEixASNXM192j54044KI6VHAeKqdX3/R0nPbwM7Ye5Dj3cwOy1ELfNXcvxAZro%2B/N8qR%2B3ftXQzaBoB/wKQveO2nGwOYwjUA%3D%3D&ph=b871eb3cf602&phv=1,株式会社リブセンス,東京都,"年収800万円～1,000万円",【仕事内容】<職種>IT技術職>情報システム・社内SE<業種>IT・インターネット>インターネットサービス...上場(準備)企業でIT監査、IT統制業務に携わった経験,未指定,1日前,"フルリモート, 女性活躍, 研修あり, 週休2日, 年休120日～, 産休・育休, 資格取得支援",資格,通常申请
グループITマネジメント,https://xn--pckua2a7gp15o89zb.com/rd/?uaid=l2ac85eb3c608272a14e672b51c362a3a&p=t%2BAK7k0GmMUr0ZRss/MBmyLmmAIa0LlZaxWI4/zAIeiGtz6Yf6RNGa7HIGKedrW2VcPj7CK7EKodR1ErfQVPRg%2Bf6DkuB%2BuBT466X1tsR7M9kFDNHfnzznGvNbwEf7lqDocb8ON58EowAxhyyIQpTxvyCwG3h2xSMcn4DmUB02TMODoO2wb5GEh/gWVsYl6LZoWtSYJSfV5r6wzmRxvD4wdnHptqpqhQ6zEyfmIZxsPCTiVS/PFDtUnyQOap2/Y2PfzYJ%2BgEzwHaLwQPGpUk1wUMbMJSNAbyUpAaDpVsw3WwSQjXI0PqQ4g60WwPjLemrDyK2FMp0ujb44FOSms5gNHB1yB2gJUT4djCQvuaY286/V86DWPbHbVqEZYPiUuI7lzpMXLcNYLLz001TDWDY7wRyn2ibm6r4bXBQX4OUJj2BCGFfC4wTCrZudhJrHD2WGOHzWsrNC%2BzOWw4/S%2BfXEuvdhsERN6oklx3mlE5lKk%3D&ph=40e92cd86ede&phv=1,auフィナンシャルホールディングス株式会社,東京都,"年収800万円～1,300万円",【仕事内容】<職種>IT技術職>情報システム・社内SE<業種>金融>その他...グループ会社の担当者と連携を図りつつ、各PJの最上流からのITマネジメント戦略企画・IT体制強化を実現していただきます。,正社員,1日前,"在宅ワーク, 女性活躍, 研修あり, 年休120日～, 週休2日, 資格取得支援, WワークOK",資格,通常申请
キャリアアドバイザー募集／IT×人材の急成長ベンチャー企業／未経験OK,https://xn--pckua2a7gp15o89zb.com/jb/f1a21b27ff87fa4b52ab5ed455f19506,株式会社TERAZ,東京都 渋谷区,年収300万円,<仕事内容>ITプロ人材とのキャリアカウンセリング/案件紹介及び顧客への提案営業TERAZ社ではシステム開発、ITインフラ整備...,正社員,23時間前,"未経験OK, 社保完備, 週休2日, ベンチャー, WワークOK, 交通費, 研修あり",システム開発,かんたん応募
「ITプロジェクト担当ドン・キホーテ等運営／売上高2兆円突破,https://xn--pckua2a7gp15o89zb.com/rd/?uaid=ldfaeef6a184fce1730ab6937b2b60da4&p=t%2BAK7k0GmMUr0ZRss/MBmzbutBM4haFv5wRDymAoyw5Z0eCJfpzsTQ3/7thVo4P8apaYZ7xZad75gvy0ztn9uw%2Bf6DkuB%2BuBT466X1tsR7MNYSAJOnunpTSMJR48VEoPDocb8ON58EowAxhyyIQpTxvyCwG3h2xSMcn4DmUB02TMODoO2wb5GEh/gWVsYl6LZoWtSYJSfV5r6wzmRxvD4wdnHptqpqhQ6zEyfmIZxsM40ZF2KWDvmGSeI4dTtOUuCAFoRQswjGgkP/J03wss2gUMbMJSNAbyUpAaDpVsw3WwSQjXI0PqQ4g60WwPjLemrDyK2FMp0ujb44FOSms5gCPhYm8s/5tE18A8wJnA45CDORTZcpBLrGx%2BmaKqEHwunlAozUWFYiSdjTGhGhScEM4vCsRGd8lLO634rudsLg2lJCHZBpxQOu9IavqI2PvDcBSX7JLvOt4I45ZlJEG7ZQ%3D%3D&ph=b0e55ed28fa9&phv=1,株式会社パン・パシフィック・インターナショナルホ...,千葉県,年収500万円～700万円,【仕事内容】<職種>IT技術職>SE(Web・オープン系)<業種>サービス>その他...募集背景今後、更なる成長を目指すPPIHグループでは今回、企業規模拡大に伴いIT戦略推進部においてITプロジェクト担当を採用させて頂くこと...,未指定,1日前,"在宅ワーク, 英語活用, AWS, 実力主義, 産休・育休, 賞与あり, 週休2日","AWS, 英語",通常申请
「インフラ部門ITコンサルタント候補」超上流からお客様に寄り添い,https://xn--pckua2a7gp15o89zb.com/rd/?uaid=l2ef593b5ef76144a36a7084361c4934c&p=t%2BAK7k0GmMUr0ZRss/MBmxCiYEOg9clio1UmYGqBNAKUVuCr3vagcg6bc3lsjT%2BJazbsJt5u1defk9jsWsiM5g%2Bf6DkuB%2BuBT466X1tsR7MLYTixFmD7VR%2B1bN18pimdDocb8ON58EowAxhyyIQpTxvyCwG3h2xSMcn4DmUB02TMODoO2wb5GEh/gWVsYl6LZoWtSYJSfV5r6wzmRxvD4wdnHptqpqhQ6zEyfmIZxsNNGHzlcFoJcqMBl84uTK9Nufp7KHnZGaPJxNo1v8RF/QUMbMJSNAbyUpAaDpVsw3WwSQjXI0PqQ4g60WwPjLemrDyK2FMp0ujb44FOSms5gDLGVnldUgnVOVOFZR32hni1rHI5kbI/q4D%2B7CAei1VHhbSJUNnQk64EgvHg4NkJeBqsXZjaJjOLh/qH2wuClIAR0rErgqWppXNXkor3/xthoQZImAG794R592I88o79tPox7CkR%2BslP2QVpDqIQxLs%3D&ph=104675d737d3&phv=1,METATEAM株式会社,東京都,"年収800万円～1,000万円",【仕事内容】<職種>IT技術職>情報システム・社内SE<業種>IT・インターネット>SIer,未指定,4時間前,"女性活躍, 週休2日, 年休120日～, 特別休暇, 資格取得支援, 夜勤あり, 賞与あり",資格,通常申请
ITIS 「リモート勤務OK」IT Transition Progra...,https://xn--pckua2a7gp15o89zb.com/rd/?uaid=l0487a8c2bcedfb414c431c1719355c78&p=t%2BAK7k0GmMUr0ZRss/MBm9rf8FEU15/CQEgQanq5We64594bLC%2ByiWQuxA/yQdmy3koK2OBCF6BSNUEKb/WBZw%2Bf6DkuB%2BuBT466X1tsR7PrcWbc1h4ccfri7SeP/AsCDocb8ON58EowAxhyyIQpTxvyCwG3h2xSMcn4DmUB02TMODoO2wb5GEh/gWVsYl6LZoWtSYJSfV5r6wzmRxvD4wdnHptqpqhQ6zEyfmIZxsPZ7avYypK349gMz%2Bvd2wVu0egjEmj/goqvy0uVtH%2BYEgUMbMJSNAbyUpAaDpVsw3WwSQjXI0PqQ4g60WwPjLemrDyK2FMp0ujb44FOSms5gCPhYm8s/5tE18A8wJnA45C53B1Z5FzqNByE9mnEauJukus5cRIrFJP%2Bo%2BWRhomEI7L7wrpjwRZH1oTH4lMCrtwR0rErgqWppXNXkor3/xthqaZM2jW1JRo1u3cyHEENGO1oyAFD5Vb543wrcVJdpGk%3D&ph=a3274b1e7c30&phv=1,日本タタ・コンサルタンシー・サービシズ株式会社,東京都,"年収1,000万円～1,300万円",【仕事内容】<職種>IT技術職>インフラエンジニア<業種>コンサルティング>コンサルティング...<想定業務>・IT運用トランジション計画策定、進捗管理・プロジェクト管理業務全般、PMOリード...,正社員,4時間前,"在宅ワーク, 英語活用, 女性活躍, 産休・育休, 1000人以上, 週休2日, 研修あり",英語,通常申请
札幌／在宅勤務有／IT法人営業 大手との取引多数／年休123日,https://xn--pckua2a7gp15o89zb.com/jb/ac9f98b13709b60095d3e3b76470b9dd,株式会社つうけんアドバンスシステムズ,北海道 札幌市 南郷18丁目駅 徒歩5分,年収400万円～700万円,【仕事内容】<ITソリューション営業/年間休日123日/テレワーク有/大手企業がクライアント/業績好調>既存大手法人顧客向けのITソリュー...,正社員,1日前,"土日祝休, 在宅ワーク, 週休2日, 産休・育休, 転勤なし, 家族手当, 短時間OK",未指定,かんたん応募
ITインフラの安定を支えるサポートエンジニアサーバ・ネットワーク管理,https://xn--pckua2a7gp15o89zb.com/rd/?uaid=l3b3b5234aeea35aa4a4fe643e9559083&p=t%2BAK7k0GmMUr0ZRss/MBm%2Boo3GdBiC76zg%2BKBI7lXOrK4SWrLCjVpcSmbHWBtFvhZfkL0ui8rrGc6u6i40AMvw%2Bf6DkuB%2BuBT466X1tsR7OB7Um%2Bqyfaxa2/a%2BUWNIhxDocb8ON58EowAxhyyIQpTxvyCwG3h2xSMcn4DmUB02TMODoO2wb5GEh/gWVsYl6LZoWtSYJSfV5r6wzmRxvD4wdnHptqpqhQ6zEyfmIZxsNqqgq%2BkF6iPMYMZsXzvBmETPTC8y2EyWRG7LKF7jifhLxp5isralP2G5c/7gWqPWCzI8aMslZklGRzOHdwFPCq3JK9baeJfYj%2BTdV0ImmmV0tDQ9Myx4I6gLjNDnvnZP4FAlRtwpo60%2BpsJL/pYBNIegzWwgUP8aR1cUTlBXrehw9ygdzjy1NUq/CNt6sDl147UMrYmwyCjO%2BiUh9vxGkbZR%2BOhAieSPVDY85OxdUzH7CGG3HYmGYW8pn5Sj%2Bk6Qs%3D&ph=1aaaa4bf3731&phv=1,株式会社クリアライズ,茨城県,年収600万円～700万円,【仕事内容】<職種>IT技術職>運用・保守・監視・テクニカルサポート<業種>メーカー>化学・石油,未指定,4時間前,"在宅ワーク, 交通費, 週休2日, Linux, 賞与あり, 禁煙・分煙, 家族手当",Linux,通常申请
社内ITエンジニア／会社のIT基盤を一緒に作りませんか?／クラウド・SaaS・セキュリティ対応,https://xn--pckua2a7gp15o89zb.com/rd/?uaid=lbc9d7ac280c29df3a5d8609c452155eb&p=t%2BAK7k0GmMUr0ZRss/MBm84dZW6W05Om3uU6qCrHPPOAlpMVS3L87cMBCFkPzOghIkHU6fMWeWvbYUVsgaKQp5/O81UF3iUb99fkxRIgTTz5n5JcUE/Wz5Xr0/xvzK3QIjMI24e5ckRXzZ5Q%2Btn4AqFBQPIzGtX2OvBe1qhXvz7RBbumC3ePvORGEvwGOCxZ6EPZFhNUVkI2Id/w7DaFByn250JlhHD10%2BRqCOJWqezScfFELqMOANKvqyRCHUK9jtFAhUcbL7ck/HFBAX3SyiqUI%2B1oHV4XZV4W0xjme4x6Ql8YRTcSmX/prEeaBmrxakvyLLPWv0izE2/OGTMVt/mi5L2Aob3urH2XOfbZKRE%2BGRQlyqwaVBXVhiPpqQf4%2BwJrjTJx7tD9XM2HDqp3y8oy4n%2BMTFVP77vHVHC%2B/B0vIKmiT/4zOdfSWAEUd9MaRsJiF7hXIQOXpUow1q06ojuDvz%2BKjR51ZL%2BJttIMRZw%3D&ph=160aed43f6f1&phv=1,株式会社ten,福岡県 福岡市 赤坂駅 徒歩3分,"月給41万7,000円",【仕事内容】具体的には、以下の業務を想定しています。・PCやIT機器の選定・導入・管理・社内からのIT関連の問い合わせ対応(ヘルプデス...,正社員,23時間前,"スキル身に付く, 駅チカ, 禁煙・分煙, 社保完備, 託児所あり, 産休・育休, 研修あり",未指定,かんたん応募
第二新卒歓迎／DXコンサルタント／ITの観点からクライアントの生産性向...,https://xn--pckua2a7gp15o89zb.com/jb/7bb039a738689a35e2a5e3fcf43d2415,セレンディップ・ホールディングス株式会社,愛知県 名古屋市 伏見駅 徒歩5分,年収400万円,【仕事内容/この仕事のミッション】ITコンサルタントとして、経営課題の解決をITの観点で支援していただきます。...その他ITリテラシー教育やコンプラ研修実施、ITツールを用いた自発的学習機械あり...,正社員,23時間前,"未経験OK, 在宅ワーク, 服装自由, 土日祝休, 特別休暇, 短時間OK, 禁煙・分煙",未指定,かんたん応募
コーポレートITエンジニア,https://xn--pckua2a7gp15o89zb.com/rd/?uaid=l70806bdec1b61a6d65dc3501b6bc5361&p=t%2BAK7k0GmMUr0ZRss/MBmyVVhlAnysD5j0922n550lI/h0SMcuUxhVn7qe%2BxpL//ZCASPl2VKjA6jiKGPOSl4A%2Bf6DkuB%2BuBT466X1tsR7ORa9S01trSw1C186P3aHvzDocb8ON58EowAxhyyIQpTxvyCwG3h2xSMcn4DmUB02TMODoO2wb5GEh/gWVsYl6LZoWtSYJSfV5r6wzmRxvD4wdnHptqpqhQ6zEyfmIZxsOCU6OlqjaXiVJzfmmUsgzNzAReNiqXvKhiFehwlS79L7xp5isralP2G5c/7gWqPWCzI8aMslZklGRzOHdwFPCq3JK9baeJfYj%2BTdV0ImmmVzly9zyxIWx6RZQtZTaU1p6zzKPLhhSSrgkirrLKwzrGV4/ili9AX8odVcXqWhVKNKtakzXkhnyg6EyXzk9frF8pEPH6unpIjOpIY9Lo8UD2/7cG0vEPNlvfoUh7sSKSRxbkFYR0VyviHOv0sXwEZhc%3D&ph=208223c697c9&phv=1,エーザイ株式会社,東京都,"年収800万円～1,200万円",【仕事内容】<職種>IT技術職>インフラエンジニア<業種>メディカル>医薬品メーカー...<歓迎(WANT)>・グローバルでのITインフラ構築、導入、運用経験・グローバルでのITインフラに関連したプロジェクト推進経験...,未指定,4時間前,"在宅ワーク, 英語活用, 女性活躍, フレックス制, グローバル, Windows, SharePoint","Windows, 英語",通常申请
名古屋・法人営業／IT×人材!業界未経験OK!ワークライフバランス推進...,https://xn--pckua2a7gp15o89zb.com/jb/87b19d030bb398616a4f542fb8661525,富士インフォックス・ネット株式会社,愛知県 名古屋市 中区,年収350万円,【仕事内容】大手SIer・メーカーなどに対し、「人材IT」の切り口で最適な提案を行う提案型営業ポジションです。...,正社員,23時間前,"未経験OK, 在宅ワーク, 社保完備, 特別休暇, ジョブローテーション, 週休2日, 禁煙・分煙",未指定,かんたん応募
IT提案営業／年収500万円から／年間休日120日以上／変革期の成長ス...,https://xn--pckua2a7gp15o89zb.com/jb/19b6d8e62b7da0e35c13d4497163ce35,株式会社SI&C,東京都 港区 浜松町駅,"年収500万円～1,400万円",【対象となる方】<必須要件>IT関連SolutionスキルIT業界におけるTIER1のSIer経験がある方...,正社員,10日前,"土日祝休, 在宅ワーク, 女性活躍, 経験者歓迎, 交通費, 社保完備, 産休・育休",未指定,かんたん応募
IT事務／横浜勤務／ワークライフバランス抜群／研修充実／残業ほぼなし,https://xn--pckua2a7gp15o89zb.com/jb/0ba5ba114ea37f22bf1869ea4ee30535,未找到公司名称,神奈川県 横浜市 西区,"月給25万3,400円～47万3,750円",【仕事内容】オフィスワークしながらITスキルも伸ばせる!/ 「ITスキルを身につけたい」その気持ちだけで大歓迎!...,正社員,14日以上前,"未経験OK, 英語活用, RPA, VBA, 土日祝休, 研修あり, 経験者歓迎",英語,かんたん応募
IT人材営業／ITエンジニアをコーディネートするお仕事／土日祝休み,https://xn--pckua2a7gp15o89zb.com/jb/08a1bdf2c49100023bf560a4cafeccde,株式会社ユースリー,東京都 新宿区 新宿駅 徒歩4分,年収300万円,【仕事内容/この仕事のミッション】<仕事内容>IT技術を求めているお客様企業と、活躍の場所を求めているITエンジニアをコーディネートする...,正社員,23時間前,"未経験OK, 女性活躍, 産休・育休, 特別休暇, 土日祝休, 研修あり, 増員募集",未指定,かんたん応募
12.ITインフラ・クラウドサービスエンジニア,https://xn--pckua2a7gp15o89zb.com/jb/2ec4283e00c005db43961f3919e78558,ヤマハモーターソリューション株式会社,静岡県 磐田市 御厨駅,年収460万円～700万円,【求人名】12.ITインフラ・クラウドサービスエンジニア 【採用企業名】ヤマハモーターソリューション株式会社,正社員,1日前,"在宅ワーク, 英語活用, WワークOK, 交通費, 産休・育休, 家族手当, 短時間OK",英語,かんたん応募
2027新卒限定／ITセールス職,https://xn--pckua2a7gp15o89zb.com/jb/9965c96244a12551156bb91cf614e67d,株式会社エニプラ,千葉県 千葉市 中央区,年収300万円,そんなエニプラITセールス職に求められるのは、「ヒアリング力」と「コミュニケーション力」そして「情報収集力」です。,正社員,23時間前,"産休・育休, 特別休暇, 社保完備, 禁煙・分煙, 週休2日",未指定,かんたん応募
はたらきがいのある会社ランキング「大企業部門」上位!／適性に応じた配属／「ITコンサルタント・PM」,https://xn--pckua2a7gp15o89zb.com/rd/?uaid=le159deeb36e5dd563965289656817dd1&p=t%2BAK7k0GmMUr0ZRss/MBm1YQ16D5d5zbCV5uaTwFHWMJeGa2bG7uHv0CPneBVe2C3ODmiw6nWPQ9sKyllo2a/5/O81UF3iUb99fkxRIgTTz5n5JcUE/Wz5Xr0/xvzK3QIjMI24e5ckRXzZ5Q%2Btn4AqFBQPIzGtX2OvBe1qhXvz7RBbumC3ePvORGEvwGOCxZ6EPZFhNUVkI2Id/w7DaFByn250JlhHD10%2BRqCOJWqezScfFELqMOANKvqyRCHUK9jtFAhUcbL7ck/HFBAX3SyhKnSI/vjXSv34lTofrqpTJ6Ql8YRTcSmX/prEeaBmrxakvyLLPWv0izE2/OGTMVt/mi5L2Aob3urH2XOfbZKRG5AzhFXmJSnvJNEooch/tM2afV6jA6TNGlLCNwnqZfXXw5YcSLioexQ5BrqbITTxApEPH6unpIjOpIY9Lo8UD2qp7cnmIr/o2ucVD%2BbptwilOPEWOsgU9cTsYstGyGXOc%3D&ph=36beeca99e42&phv=1,パーソルキャリア株式会社,東京都 港区 神谷町駅 徒歩6分,"月給45万9,100円",【仕事内容】自社の業務システムやWebサービスにおけるITコンサルタントやプロジェクトマネージャー(社内向けITコンサル)を募集しています。...,正社員,23時間前,"フルリモート, 英語活用, 禁煙・分煙, 社保完備, 特別休暇, 交通費, 年俸制",英語,かんたん応募
東証プライム上場企業「CAD・PLM製品向けITインフラエンジニア」年間休日127日,https://xn--pckua2a7gp15o89zb.com/rd/?uaid=l0e80ff52fa4637b165005524f464ce16&p=t%2BAK7k0GmMUr0ZRss/MBmzrILNP4VwCfHYqio/PwHHaL8d8/AGsp48QUO%2BO82/CjWQGFJ23lzt9EuSqjFi0mrp/O81UF3iUb99fkxRIgTTz5n5JcUE/Wz5Xr0/xvzK3QIjMI24e5ckRXzZ5Q%2Btn4AqFBQPIzGtX2OvBe1qhXvz7RBbumC3ePvORGEvwGOCxZ6EPZFhNUVkI2Id/w7DaFByn250JlhHD10%2BRqCOJWqezScfFELqMOANKvqyRCHUK9jtFAhUcbL7ck/HFBAX3SyqICbLDszqslIMGtrV%2B%2BjZN6Ql8YRTcSmX/prEeaBmrxakvyLLPWv0izE2/OGTMVt/mi5L2Aob3urH2XOfbZKRGmQAcN9PfJitzvwYAfw5mH3p0JPqvD68zaOlKstAVTSnxvV53iHMuy9GCRaBIRP0Dmq35k6XBDXJesuqsHXxleWmT6nP3kUPM50dl5iF3JQCkQ8fq6ekiM6khj0ujxQPZp8ldzwhQczeKXYrSjTw71r50jzGLSA4OTPy/lme37GA%3D%3D&ph=a93636c04799&phv=1,株式会社図研,神奈川県 横浜市 センター南駅 徒歩15分,年収480万円,【仕事内容】自社CAD、PLM製品のオンプレミスやパブリッククラウド環境に対するITインフラ(ハードウェア...ITインフラ運用管理、またはサーバー関連製品サポート経験3年以上のいずれかに合致する方,正社員,23時間前,"在宅ワーク, 英語活用, Azure, 家族手当, Windows, CAD, 特別休暇","Azure, Windows, 英語",かんたん応募
IT事務／ワークライフバランス抜群／研修充実／残業ほぼなし,https://xn--pckua2a7gp15o89zb.com/jb/14421794bcfb8ac80f4fca0cc0a26a36,未找到公司名称,東京都 千代田区,"月給25万3,400円～47万3,750円",【仕事内容】オフィスワークしながらITスキルも伸ばせる!/ 「ITスキルを身につけたい」その気持ちだけで大歓迎!...,正社員,14日以上前,"未経験OK, 英語活用, RPA, VBA, 土日祝休, 研修あり, WワークOK",英語,かんたん応募
「リモートOK／コーポレートエンジニア」IPOに向けたオフィスIT部門...,https://xn--pckua2a7gp15o89zb.com/rd/?uaid=laed050269c0e8829acd1d13aac27a811&p=t%2BAK7k0GmMUr0ZRss/MBm1%2BW5oqq8VE77mtyBUc30XQSAH9BMkyAlsdpwaovMZAEGBiH6sPOJ4mV/h3fdbcI9wYG0AP8nj3uEmbPeSNblsAxHIJpWrytF/Htaaea70cGDocb8ON58EowAxhyyIQpTxvyCwG3h2xSMcn4DmUB02TMODoO2wb5GEh/gWVsYl6LZoWtSYJSfV5r6wzmRxvD4wdnHptqpqhQ6zEyfmIZxsM9AVyO4FQJt43jaSymL3D2HQVSWUlQIn7zDj%2BCZqiZhQUMbMJSNAbyUpAaDpVsw3WwSQjXI0PqQ4g60WwPjLemrDyK2FMp0ujb44FOSms5gCkzlgCn8GrsT3W8YFzFW5zJgfCZU0%2BqneRxYhjrUKukaesMWuSJCqymGsLrRuMcAwtiUinSDr8V7hnb1Xn9QmbWvZLp8VEzbiF1QTdLFBdO/dQi6hsi8F%2BF1d4hYQ0KWHAUl%2ByS7zreCOOWZSRBu2U%3D&ph=55d1472c1bac&phv=1,株式会社FOLIO,東京都,"年収800万円～1,000万円",【仕事内容】<職種>IT技術職>情報システム・社内SE<業種>金融>証券...組織全体と社員が抱える業務課題に基づき、社内ITを通じた組織全体の効率化やDX化、情報セキュリティ強化、社内IT環境の利用サポートや利便性向...,正社員,4時間前,"在宅ワーク, 女性活躍, 週休2日, WワークOK, 禁煙・分煙, Azure, フレックス制",Azure,通常申请
社内SE社内ITインフラ・セキュリティ強化 「内製の環境で手を動かして...,https://xn--pckua2a7gp15o89zb.com/rd/?uaid=l04982125fbe7af565e55be4b30c8a229&p=t%2BAK7k0GmMUr0ZRss/MBm9EwrxNJmFRMTDCM2UKZAOva13lHBWAWTB9yZwkkXa38xzYa3WjxphQNrfIxTtF6%2BQYG0AP8nj3uEmbPeSNblsCe8tyhOZonZ%2B1fDAw0Cm3ZDocb8ON58EowAxhyyIQpTxvyCwG3h2xSMcn4DmUB02TMODoO2wb5GEh/gWVsYl6LZoWtSYJSfV5r6wzmRxvD4wdnHptqpqhQ6zEyfmIZxsOBVKeGQ2HDFH4vzOX929bJiiOAMJWnNNoyE825prL0uQUMbMJSNAbyUpAaDpVsw3WwSQjXI0PqQ4g60WwPjLemrDyK2FMp0ujb44FOSms5gNw9QEnTLnED%2BR6F3N9eEtYNT1TjtiUkYNvWFQ6CbYAVkgJgjfLWMwkyEfbvUedimOy3dE5v3sjrbf%2B%2Bcffwj9Wf1ogODXt/CPtQIlJ8LqUGIIZWE/lEMJekVTRmagCsh%2BifdL6h4AvYDq23/Tq1zt2whhtx2JhmFvKZ%2BUo/pOkL&ph=8ffa0fdc496d&phv=1,株式会社FFRIセキュリティ,東京都,年収400万円～700万円,<仕事内容> 所属予定のIT統括チームでは、ITシステムの企画立案、設計構築、運用をはじめ、ITシステム管理における上流設計から管理全般...,未指定,4時間前,"未経験OK, 在宅ワーク, 服装自由, Linux, 週休2日, 特別休暇, 交通費",Linux,通常申请
「インフラ部門ITコンサルタント候補」超上流からお客様に寄り添い,https://xn--pckua2a7gp15o89zb.com/rd/?uaid=l2ef593b5ef76144a36a7084361c4934c&p=t%2BAK7k0GmMUr0ZRss/MBm1FnupFkI989sD2Zm3tAyrfsqF9C3qPwPSfrTDn%2BnEh2oSM9sPpWG6i2gGTblcIV7wYG0AP8nj3uEmbPeSNblsBX0kMCbZMm3rqnHByxY1B9Docb8ON58EowAxhyyIQpTxvyCwG3h2xSMcn4DmUB02TMODoO2wb5GEh/gWVsYl6LZoWtSYJSfV5r6wzmRxvD4wdnHptqpqhQ6zEyfmIZxsOuWNFLZjhzWyteIvCRrVaudH0QSgmy/CgIFJflNu1B3AUMbMJSNAbyUpAaDpVsw3WwSQjXI0PqQ4g60WwPjLemrDyK2FMp0ujb44FOSms5gDLGVnldUgnVOVOFZR32hni1rHI5kbI/q4D%2B7CAei1VHhbSJUNnQk64EgvHg4NkJeBqsXZjaJjOLh/qH2wuClIAR0rErgqWppXNXkor3/xthoQZImAG794R592I88o79tPox7CkR%2BslP2QVpDqIQxLs%3D&ph=d75b911028a2&phv=1,METATEAM株式会社,東京都,"年収800万円～1,000万円",【仕事内容】<職種>IT技術職>情報システム・社内SE<業種>IT・インターネット>SIer,未指定,4時間前,"女性活躍, 週休2日, 年休120日～, 特別休暇, 資格取得支援, 夜勤あり, 賞与あり",資格,通常申请
「リーダー候補」社内SE兼ヘルプデスクIT×人材業界／インフラ,https://xn--pckua2a7gp15o89zb.com/rd/?uaid=le459452dbf16ae490dce834d636313c0&p=t%2BAK7k0GmMUr0ZRss/MBmxubk8M1qAiSFT4O0I5w132ZN%2Bor5q%2B35XeuRVJZ7UhEKsNAkxEguUEhikyKTgRA2gYG0AP8nj3uEmbPeSNblsB1aJjWLMY/jEt/antrLqWrDocb8ON58EowAxhyyIQpTxvyCwG3h2xSMcn4DmUB02TMODoO2wb5GEh/gWVsYl6LZoWtSYJSfV5r6wzmRxvD4wdnHptqpqhQ6zEyfmIZxsPCTiVS/PFDtUnyQOap2/Y24ObBaoPxvP6m4YawsqtXQgUMbMJSNAbyUpAaDpVsw3WwSQjXI0PqQ4g60WwPjLemrDyK2FMp0ujb44FOSms5gItP%2BtIIwNfv2R7/Jjs/q0sPOtZ1m8qKDVv5XECSIZ0/axziSBasZMgtNnStMyZP4kltN5MdU/zp13LDvwnZIUk/PyFj%2BmIaNvPFPzN6FO3YjhGn0yzmcPwtClcJv4gdizxaKZEmd2zb%2BCBralOGylbY/YiV%2Bijfd2Ziqk/9%2BQfBb1FCVTgdviA7DUClzwoPSg%3D%3D&ph=3783e6b8b6aa&phv=1,株式会社ギークリー,東京都,年収500万円～700万円,【仕事内容】<職種>IT技術職>情報システム・社内SE<業種>サービス>人材紹介・人材派遣...IT資産管理(PCキッティング、アカウント管理 等)・ITに関する問い合わせ・相談対応(メール・対面)...,正社員,4時間前,"在宅ワーク, 女性活躍, ビッグデータ, 交通費, 年休120日～, 禁煙・分煙, ベンチャー",ビッグデータ,通常申请
IT事務／横浜勤務／未経験OK／昇給チャンス豊富／月給30万円可,https://xn--pckua2a7gp15o89zb.com/jb/49215310c24961d3d8ff9db63126f3d0,未找到公司名称,神奈川県 横浜市 西区,"月給25万3,400円～47万3,750円",【仕事内容】オフィスワークしながらITスキルも伸ばせる!/ 「ITスキルを身につけたい」その気持ちだけで大歓迎!...,正社員,14日以上前,"未経験OK, 英語活用, 資格取得支援, 年休120日～, 土日祝休, EXCEL, 社保完備","EXCEL, 資格, 英語",かんたん応募
「リモートメイン×自由な働き方」IT統制担当者,https://xn--pckua2a7gp15o89zb.com/rd/?uaid=lf4dd4efd0f7908d03b7277868a0d9095&p=t%2BAK7k0GmMUr0ZRss/MBm1Cor2YLDp1LdX4CPe86Eye75HNQgelUjZMXvFV0x5XfP5dV8uJiBS0p6V%2B59kLqCwYG0AP8nj3uEmbPeSNblsCVfpxhIcjxlmTJs9PEVi/YDocb8ON58EowAxhyyIQpTxvyCwG3h2xSMcn4DmUB02TMODoO2wb5GEh/gWVsYl6LZoWtSYJSfV5r6wzmRxvD4wdnHptqpqhQ6zEyfmIZxsNNGHzlcFoJcqMBl84uTK9NiXGPlEjME2QxEYJuzUO8aQUMbMJSNAbyUpAaDpVsw3WwSQjXI0PqQ4g60WwPjLemrDyK2FMp0ujb44FOSms5gJ5CaJBStTfVJIoM7U8kx7mdKT%2BTosyMTgTEixASNXM192j54044KI6VHAeKqdX3/R0nPbwM7Ye5Dj3cwOy1ELfNXcvxAZro%2B/N8qR%2B3ftXQzaBoB/wKQveO2nGwOYwjUA%3D%3D&ph=4c33460ea991&phv=1,株式会社リブセンス,東京都,"年収800万円～1,000万円",【仕事内容】<職種>IT技術職>情報システム・社内SE<業種>IT・インターネット>インターネットサービス...上場(準備)企業でIT監査、IT統制業務に携わった経験,未指定,1日前,"フルリモート, 女性活躍, 研修あり, 週休2日, 年休120日～, 産休・育休, 資格取得支援",資格,通常申请
IT業界での営業職／リモート勤務可,https://xn--pckua2a7gp15o89zb.com/jb/de1ebc1f3bc8f5c695145b43b5347a78,エンライズテック株式会社,東京都 渋谷区,年収312万円,【仕事内容/この仕事のミッション】プライムベンダーや大手SIerに対して、ITエンジニアの技術支援サービスの提案を行います。...【業種メイン】ITコンサルティング 【業種サブ】BPアウトソーシング(営業...,正社員,23時間前,"未経験OK, 在宅ワーク, 土日祝休, 増員募集, 交通費, 社保完備, 産休・育休",未指定,かんたん応募
「社内SE」ITを駆使し次の100年経営を支えてくれる方募集,https://xn--pckua2a7gp15o89zb.com/rd/?uaid=l1547451e71ee6e0c3b2a5747286a9527&p=t%2BAK7k0GmMUr0ZRss/MBmywsfJIYslyYYrVBsgTy11Uvhl12PA98MXTjzbeypc9GgIBbCrrre2GjGaQnTS%2B8/wYG0AP8nj3uEmbPeSNblsAxLIhKYGUC3Jv45/NWivmLDocb8ON58EowAxhyyIQpTxvyCwG3h2xSMcn4DmUB02TMODoO2wb5GEh/gWVsYl6LZoWtSYJSfV5r6wzmRxvD4wdnHptqpqhQ6zEyfmIZxsNqqgq%2BkF6iPMYMZsXzvBmE7M%2Bd9nZGhJlr6CpAUFq%2B6Lxp5isralP2G5c/7gWqPWCzI8aMslZklGRzOHdwFPCq3JK9baeJfYj%2BTdV0ImmmV/T5KelRInEzHzwimq2dDd2oNCP9s5NmnDqHSVtg6Yxs4tkNaAJe2HoT6gBVvCFDCw9ygdzjy1NUq/CNt6sDl147UMrYmwyCjO%2BiUh9vxGkbLYju6Z3HwA9kn6T1Per5Bh5doZwnRcRapWnOP3jehJs%3D&ph=38d957d3de75&phv=1,株式会社TANAX,京都府,年収400万円～600万円,【仕事内容】<職種>IT技術職>SE(Web・オープン系)<業種>メーカー>その他...単にシステムを管理するだけでなく、現場の課題をITの力で解決し、会社全体の生産性を高めていくことに貢献できます。,未指定,4時間前,"産休・育休, 週休2日, データ分析, 賞与あり, 研修あり, 老舗企業, 禁煙・分煙",データ分析,通常申请
社内ITサポート DX推進・ヘルプデスク 賞与年2回 年間休日124日,https://xn--pckua2a7gp15o89zb.com/jb/69280fa9006d99c345ee74ba4638f9a5,内海建設コンサルタント株式会社,岡山県 岡山市 北区,年収450万円～600万円,【仕事内容】<社内システム管理>ワークフロー、勤怠システム、設計ソフト等の運用管理、更新、エラー対応(現在は外注)<各種IT機器...,正社員,3日前,"平日のみOK, CAD, 週休2日, 交通費, 福利厚生充実, 特別休暇, WEB面接",未指定,かんたん応募
設立3年で4名 332名の急成長ITベンチャー／企業とエンジニアを繋ぐ...,https://xn--pckua2a7gp15o89zb.com/jb/920a74280afd2aa7eea6bc787b0805fd,株式会社VISIONARY JAPAN,東京都 千代田区,年収350万円,企業とエンジニアを繋ぐ架け橋に 将来性の高いIT業界<具体的には>...【勤務地】東京都千代田区岩本町2-11-9IT2 5階 【雇用形態】正社員,正社員,23時間前,"服装自由, 産休・育休, UIターン, 社保完備, 週休2日",未指定,かんたん応募
「楽天」シニアITセキュリティスペシャリスト情報セキュリティ統括室,https://xn--pckua2a7gp15o89zb.com/rd/?uaid=la01b0a2acd805bde6bf3c7e598620753&p=t%2BAK7k0GmMUr0ZRss/MBm0gpZRA8oTIUna/SP%2B0qCbqtyb0P/yTBcFvdqEw%2BokV/Ara4PfbMjQcSU0b6f8%2BkQAYG0AP8nj3uEmbPeSNblsCxvsgM/ioaqWP1rRlyz5uhoftjdNyTVdLGR2pfgAM6JOid2Elqbm9BLJLjl1VcJRehnQ/nuBqf0bMLdhkcr1y2nPY2kuJvIo74T/VFS1hSidXOJ1Ii58pFMSFP/l4qkbLngHjk5yrfb2hP%2Bb11t%2BVLIjghTZR3dmMtAHj46n7HvNVV0OKMujnmK%2B6/RE4q5WgjMl/il76eVXeTIfZ%2B2M0QEEGFHkE%2BUwFxK2aUry9HbE0g6yVmuolOWd0D7iCsZbOT5AcyJZNwZc0Jv7X3K/B%2Bf1I8UkO/PSCft/9iVMZtA8fSZVTPo%2B534V%2Bx/6gyTpZzW9lWSkiyHiegqNtqtc8Tv/1Xk86Eog6WjcP3/oIRLh2sWWNWnSCd2CxPGafYEqE%3D&ph=20c5699cbc49&phv=1,楽天グループ株式会社,東京都,"年収800万円～1,100万円",【仕事内容】<職種>IT技術職>情報システム・社内SE<業種>IT・インターネット>インターネットサービス,未指定,3日前,"在宅ワーク, 英語活用, 禁煙・分煙, 産休・育休, シェア上位, ストックオプション, グローバル",英語,通常申请
Salesforceエンジニア／創業35年目秋葉原にあるIT企業,https://xn--pckua2a7gp15o89zb.com/jb/9b8d9a51d154bf19e8718093f6acaf30,株式会社アクセスネット,東京都 千代田区,年収600万円,"【業種サブ】ITコンサルティング, その他サービス(無形) 【その他の福利厚生諸手当】交通費支給(上限5万/月) 従業員紹介報奨金制度 役職手当 残業手当 資格手当└IT系資格を6段階に分け...",正社員,23時間前,"未経験OK, 学歴不問, 土日祝休, 禁煙・分煙, 社保完備, 資格取得支援, 増員募集",資格,かんたん応募
ITコンサルタント／～ほぼ全職種業種に実績有り／新規事業立ち上げに携わ...,https://xn--pckua2a7gp15o89zb.com/jb/029a7777286da4d8b275b80a732c1b7d,株式会社キューブアンドカンパニー,東京都 中央区,年収405万円,【仕事内容/この仕事のミッション】ITコンサルティング業務全般(情報システムに関する想策定およびITプロジェクトのPMOなど)/ITに限らず...,正社員,23時間前,"土日祝休, 禁煙・分煙, 交通費, 社保完備, 年俸制, 週休2日, 特別休暇",未指定,かんたん応募
インサイドセールス／フリーランスIT人材を企業へ紹介／リモート有,https://xn--pckua2a7gp15o89zb.com/jb/2dc8829b2c3ca8b4351d7b09708c10ec,株式会社エイジレス,東京都 品川区 五反田駅 徒歩10分,年収400万円,【仕事内容/この仕事のミッション】<業務概要>慢性的な人材不足に悩むIT業界に対して、ミドル・シニア層のIT人材を企業とつなぐ「フリーラン...,正社員,23時間前,"未経験OK, 在宅ワーク, 産休・育休, 禁煙・分煙, 土日祝休, 増員募集, 特別休暇",未指定,かんたん応募
大阪／ソリューション営業／IT業界にて課題解決型の営業にチャレンジした...,https://xn--pckua2a7gp15o89zb.com/jb/ed586d4e4df1403d20c7586be6179a28,株式会社伸和トータルエンジニアリング,大阪府 大阪市 北区,年収300万円,"【仕事内容/この仕事のミッション】職務内容:営業職として、ITソリューション提案を行っていただきます。...【業種サブ】SIer・SES,ITコンサルティング, 人材派遣, 測量・調査",正社員,23時間前,"未経験OK, 学歴不問, 禁煙・分煙, 社保完備, 土日祝休, インセンティブ, 交通費",未指定,かんたん応募
IT事務／未経験OK／初年度年収360万円可／残業ほぼなし,https://xn--pckua2a7gp15o89zb.com/jb/3ef17db6ca17baf7805292a13ed40c01,未找到公司名称,東京都 新宿区,"月給25万3,400円～47万3,750円",【仕事内容】オフィスワークしながらITスキルも伸ばせる!/ 「ITスキルを身につけたい」その気持ちだけで大歓迎!...,正社員,14日以上前,"未経験OK, 英語活用, 資格取得支援, WワークOK, 土日祝休, 社保完備, VBA","資格, 英語",かんたん応募
IT事務／未経験歓迎／キャリアアップ&資格取得支援あり,https://xn--pckua2a7gp15o89zb.com/jb/683a92b812a64410f32d33eecb1dba41,未找到公司名称,東京都 新宿区,"月給25万3,400円～47万3,750円",【仕事内容】オフィスワークしながらITスキルも伸ばせる!/ 「ITスキルを身につけたい」その気持ちだけで大歓迎!...,正社員,14日以上前,"未経験OK, 英語活用, 禁煙・分煙, VBA, 土日祝休, 交通費, 研修あり","資格, 英語",かんたん応募
研修から始めるITエンジニア,https://xn--pckua2a7gp15o89zb.com/jb/834ce73b84c5544ba70c32232dd39f84,未找到公司名称,北海道 札幌市,年収350万円～500万円,【仕事内容】充実の研修とサポート体制であなたのエンジニアデビューを叶えます!POINT 配属先は100%IT企業!...,正社員,9日前,"未経験OK, 在宅ワーク, 女性活躍, Linux, 産休・育休, 土日祝休, RPA",Linux,かんたん応募
IT営業 異業種からのチャレンジ大歓迎,https://xn--pckua2a7gp15o89zb.com/jb/295aa5fb96165e4ebe4c46add7526e2a,株式会社エヌエス・フューチャー,東京都 中央区,年収300万円,【仕事内容】お任せするのは、パートナー企業の新規開拓をするIT営業です。具体的には〇新規パートナー企業の開拓〇開拓した企業の管理〇新規プロジェクト受注のための提案活動〇エンジニアの管理、フォローなどIT営業経験がある方は勿論、異業種から挑戦したい!といった方も大歓迎です。 【職種名】法人営業 【会社名】株式会社エヌエス・フューチャー 【勤務地】東京都中央区新川1-2-14...,正社員,23時間前,"家族手当, 週休2日, 資格取得支援, 禁煙・分煙, 交通費, 社保完備, 産休・育休",資格,かんたん応募
IT事務／プライベート充実／未経験歓迎／月給30万円可,https://xn--pckua2a7gp15o89zb.com/jb/31b4272f293196c188d08ba70b54930f,未找到公司名称,東京都 港区,"月給25万3,400円～47万3,750円",【仕事内容】オフィスワークしながらITスキルも伸ばせる!/ 「ITスキルを身につけたい」その気持ちだけで大歓迎!...,正社員,14日以上前,"未経験OK, 英語活用, EXCEL, 研修あり, 土日祝休, VBA, 禁煙・分煙","EXCEL, 英語",かんたん応募
DX推進全社ITインフラ企画・導入／大崎25-003,https://xn--pckua2a7gp15o89zb.com/rd/?uaid=l00235176904f254067510f3bc48f763f&p=t%2BAK7k0GmMUr0ZRss/MBm/bfKqfEuE7ZY79eSojmO8LMRXjVS5UWBIHkSwfzXXxcz74kB2AjvXqpNUEL/2HqyAYG0AP8nj3uEmbPeSNblsC8M1zcP2GwLh/mIrsEQRS8oftjdNyTVdLGR2pfgAM6JOid2Elqbm9BLJLjl1VcJRehnQ/nuBqf0bMLdhkcr1y2nPY2kuJvIo74T/VFS1hSidXOJ1Ii58pFMSFP/l4qkbIsM3Tm1NKcQwBR1uI7n3LI4xD70CSlRIDdQj0gv0Ni7QVxo7Y%2Bxb0mswu3QMwMBpIjMl/il76eVXeTIfZ%2B2M0QEEGFHkE%2BUwFxK2aUry9HbE0g6yVmuolOWd0D7iCsZbNLPy2q3CgHa/m3WcgR9RZIB1WJE/fzZuhCJea0Q7EGcW0aBmEfdCqmlvYao1ZVqSzE0uOaiCzgUMda2Z6Rn0uqPz8hY/piGjbzxT8zehTt2I4Rp9Ms5nD8LQpXCb%2BIHYsN3r/2OuYdHXc9eTdjNL1lJkBGkDwsQj9d1%2Byyj0i1AA%3D%3D&ph=e57d2e2cbdcd&phv=1,日本精工株式会社,東京都,"年収800万円～1,000万円",【仕事内容】<職種>IT技術職>インフラエンジニア<業種>メーカー>機械...ミッション・目指す姿NSKグループ全体のITインフラについて...,未指定,4日前,"在宅ワーク, 英語活用, 固定給, Azure, 転勤なし, 食事補助, Linux","Azure, Linux, 英語",通常申请
社内SE／IT推進担当リーダー候補,https://xn--pckua2a7gp15o89zb.com/rd/?uaid=la455c40c7d353bcf8b570bd74a307d08&p=t%2BAK7k0GmMUr0ZRss/MBmyIstmljZxSISSc8Y8MomQ5am1%2BuqiuQcooqvHZ73iMnlbbNjU5Jf57ZpytoQxR4v2Cn/3XZP%2BeK6oLzFM2jSlS3m8QMAv25dRLYLXee1gA7Docb8ON58EowAxhyyIQpTxvyCwG3h2xSMcn4DmUB02TMODoO2wb5GEh/gWVsYl6LZoWtSYJSfV5r6wzmRxvD4wdnHptqpqhQ6zEyfmIZxsM9AVyO4FQJt43jaSymL3D2wcO701XxfekfvKpE7dwRLgUMbMJSNAbyUpAaDpVsw3WwSQjXI0PqQ4g60WwPjLemrDyK2FMp0ujb44FOSms5gDKfCwzwWzjA36fGHcbSdcaowUnWPKb5qYXbprpHlfEKIsLbsAzWkW36gPd/hIWWuIPIXoJk3lyxKoKPzkG7K7ef1ogODXt/CPtQIlJ8LqUG0YtRRqAnZwot1bZsDPih1L/9V5POhKIOlo3D9/6CES4drFljVp0gndgsTxmn2BKh&ph=c3257739300b&phv=1,株式会社セゾンテクノロジー,東京都,年収600万円～700万円,【仕事内容】<職種>IT技術職>情報システム・社内SE<業種>IT・インターネット>ソフトウエア...流通ITサービス事業 フィナンシャルITサービス事業<当社について>...,正社員,4日前,"在宅ワーク, 週休2日, シェア上位, データ分析, フレックス制, 研修あり, 交通費",データ分析,通常申请
「ITシステム技術者、基幹システム技術者」世界トップクラスの技術とシェ...,https://xn--pckua2a7gp15o89zb.com/rd/?uaid=lbc43b054b112aaaf7641a1accf7c9fff&p=t%2BAK7k0GmMUr0ZRss/MBm31v3FKNF2hMpt0aqju39yY6B9JT4Qv9Pj3IV8LTJmARmpMFElTJrn6nfy7o6tXCQGCn/3XZP%2BeK6oLzFM2jSlSQ1UIHrxCQj81/fQMjslV4Docb8ON58EowAxhyyIQpTxvyCwG3h2xSMcn4DmUB02TMODoO2wb5GEh/gWVsYl6LZoWtSYJSfV5r6wzmRxvD4wdnHptqpqhQ6zEyfmIZxsOBVKeGQ2HDFH4vzOX929bJ0A3Elq89YZhw7nxXEhazCwUMbMJSNAbyUpAaDpVsw3WwSQjXI0PqQ4g60WwPjLemrDyK2FMp0ujb44FOSms5gD5byUGc9SXYHk5kYkzG86MGkSN33Hy3UmQ0pNGZoPKZOgVsZpxG5OenaQhJlg3C6p6fuz3tRj%2BOtn9YrYefHHLuauXBKy8pAIyfAIsY%2BEb89V%2BzjT3EynLCsyziVv9w82krAnUW1rkRT7mU3kpzOM4gAy1Eh8QJuDv45v/xoqgv&ph=05f618732d07&phv=1,株式会社安川電機,福岡県,"年収800万円～1,000万円",【仕事内容】<職種>IT技術職>SE(Web・オープン系)<業種>メーカー>電気・電子 【経験・資格】<必須(MUST)>ITシステム/基幹システムの企画・開発経験<歓迎(WANT)>・SIer、ITコンサル...,未指定,4時間前,"女性活躍, 英語活用, UIターン, シェア上位, グローバル, 1000人以上, 昇給あり","資格, 英語",通常申请
IT企画,https://xn--pckua2a7gp15o89zb.com/rd/?uaid=l9d304493f4241c72fe6a39cf99a6718c&p=t%2BAK7k0GmMUr0ZRss/MBm0qO3JcpUBwrbJrR8WON8HZhb15THvTwaHai9XJ%2Baz/QtHGvPYaMpQsOPzOtF17fRGCn/3XZP%2BeK6oLzFM2jSlRTaCSOFN4SAX5lY4tjJMa6Docb8ON58EowAxhyyIQpTxvyCwG3h2xSMcn4DmUB02TMODoO2wb5GEh/gWVsYl6LZoWtSYJSfV5r6wzmRxvD4wdnHptqpqhQ6zEyfmIZxsOuWNFLZjhzWyteIvCRrVaurNbTk2j2ACAaL2nLzwD5bwUMbMJSNAbyUpAaDpVsw3WwSQjXI0PqQ4g60WwPjLemrDyK2FMp0ujb44FOSms5gDKfCwzwWzjA36fGHcbSdcZnp9OCMpepjX5KGvrp1uW4HSc9vAzth7kOPdzA7LUQty2jW%2BgKTmt9X1NYLAv90pv6MewpEfrJT9kFaQ6iEMS7&ph=0bde0260520a&phv=1,太陽工業株式会社,東京都,"年収500万円～1,000万円",【仕事内容】<職種>IT技術職>情報システム・社内SE<業種>建設>建設・建築・土木 【経験・資格】<必須(MUST)>・IT企画、ベンダーコントロールに関する社内SEとしての経験,未指定,4日前,"在宅ワーク, 週休2日, RPA",資格,通常申请
「リーダー候補」社内SE兼ヘルプデスクIT×人材業界／インフラ,https://xn--pckua2a7gp15o89zb.com/rd/?uaid=le459452dbf16ae490dce834d636313c0&p=t%2BAK7k0GmMUr0ZRss/MBm2ixnKZoVRM4bsUs6KlDi0U7hN0jjHBp6m/Kvq27UVmNTmD95qxTgU%2BlX4jwjgKiH2Cn/3XZP%2BeK6oLzFM2jSlQSY/9KYXQOaofeZklTwQ5JDocb8ON58EowAxhyyIQpTxvyCwG3h2xSMcn4DmUB02TMODoO2wb5GEh/gWVsYl6LZoWtSYJSfV5r6wzmRxvD4wdnHptqpqhQ6zEyfmIZxsPCTiVS/PFDtUnyQOap2/Y2pumrjhgQfXQ%2BxZa3h0DvxQUMbMJSNAbyUpAaDpVsw3WwSQjXI0PqQ4g60WwPjLemrDyK2FMp0ujb44FOSms5gItP%2BtIIwNfv2R7/Jjs/q0sPOtZ1m8qKDVv5XECSIZ0/axziSBasZMgtNnStMyZP4kltN5MdU/zp13LDvwnZIUk/PyFj%2BmIaNvPFPzN6FO3YjhGn0yzmcPwtClcJv4gdizxaKZEmd2zb%2BCBralOGylbY/YiV%2Bijfd2Ziqk/9%2BQfBb1FCVTgdviA7DUClzwoPSg%3D%3D&ph=f30fa1ff4698&phv=1,株式会社ギークリー,東京都,年収500万円～700万円,【仕事内容】<職種>IT技術職>情報システム・社内SE<業種>サービス>人材紹介・人材派遣...IT資産管理(PCキッティング、アカウント管理 等)・ITに関する問い合わせ・相談対応(メール・対面)...,正社員,4時間前,"在宅ワーク, 女性活躍, ビッグデータ, 交通費, 年休120日～, 禁煙・分煙, ベンチャー",ビッグデータ,通常申请
IT事務／プライベート充実／未経験歓迎／月給30万円可,https://xn--pckua2a7gp15o89zb.com/jb/31b4272f293196c188d08ba70b54930f,未找到公司名称,東京都 港区,"月給25万3,400円～47万3,750円",【仕事内容】オフィスワークしながらITスキルも伸ばせる!/ 「ITスキルを身につけたい」その気持ちだけで大歓迎!...,正社員,14日以上前,"未経験OK, 英語活用, EXCEL, 研修あり, 土日祝休, VBA, 禁煙・分煙","EXCEL, 英語",かんたん応募
Senior Corp IT Specialist,https://xn--pckua2a7gp15o89zb.com/rd/?uaid=lb0aa864cd143841e5348fd1434ed6133&p=t%2BAK7k0GmMUr0ZRss/MBm2GVk/Y6khQtMv882CW/e7ZS/RccyGFB9%2BwB4GREo1KoyVsTN8XLcnnzxB0ST3gkgmCn/3XZP%2BeK6oLzFM2jSlQlPsYPS62OP0yir6trtyeXDocb8ON58EowAxhyyIQpTxvyCwG3h2xSMcn4DmUB02TMODoO2wb5GEh/gWVsYl6LZoWtSYJSfV5r6wzmRxvD4wdnHptqpqhQ6zEyfmIZxsNNGHzlcFoJcqMBl84uTK9Nk27/rk7hmgrnjYIUW1E/cAUMbMJSNAbyUpAaDpVsw3WwSQjXI0PqQ4g60WwPjLemrDyK2FMp0ujb44FOSms5gCkzlgCn8GrsT3W8YFzFW5ycz8K6rKFFJ3cmYBmL2xkvnYWbOjitZpD5IgdfEpAp/VGbnvzeWAhy2BMmB03Xu6TOLwrERnfJSzut%2BK7nbC4N%2BpXglnvIqcq4NYBCLRHxTwz3sHTy0fnDWOaL2D3a%2BgBLr3YbBETeqJJcd5pROZSp&ph=bca2e4438892&phv=1,ジョーシス株式会社,東京都,"年収800万円～1,500万円",【仕事内容】<職種>IT技術職>SE(Web・オープン系)<業種>IT・インターネット>インターネットサービス,未指定,4時間前,"在宅ワーク, 女性活躍, 英語活用, ベンチャー, 社保完備, Azure, 年休120日～","Azure, 英語",通常申请
「社内SE／リーダー候補」ITを駆使し次の100年経営を支えてくれる方...,https://xn--pckua2a7gp15o89zb.com/rd/?uaid=l493e33cf05528d59e19888e1b294ee18&p=t%2BAK7k0GmMUr0ZRss/MBmz1QpdRPw5jLJMNqf8O33lWEeqy0i7AebzERsKyUXbmy3kIPMPTBCM0lUYy8vuFR12Cn/3XZP%2BeK6oLzFM2jSlTy0yR4UuePqfRG576JGWIzDocb8ON58EowAxhyyIQpTxvyCwG3h2xSMcn4DmUB02TMODoO2wb5GEh/gWVsYl6LZoWtSYJSfV5r6wzmRxvD4wdnHptqpqhQ6zEyfmIZxsPZ7avYypK349gMz%2Bvd2wVuEp%2B9it0IJbigoxFTuz8UuQUMbMJSNAbyUpAaDpVsw3WwSQjXI0PqQ4g60WwPjLemrDyK2FMp0ujb44FOSms5gOz67QffaGjpN7JJ6jFsxIZs3HH9gyrPDHU0/hTWQa9wZBA7cy0jQbFsDvs0jaTU1w%2BvLRWTA/LnhsnYlkkcO35MuFrvq7imYCjZ7lzQQKngydVkAb2X2E5LtEtbG4wIo/ox7CkR%2BslP2QVpDqIQxLs%3D&ph=de4cfe704153&phv=1,株式会社TANAX,京都府,年収500万円～600万円,【仕事内容】<職種>IT技術職>SE(Web・オープン系)<業種>メーカー>その他...単にシステムを管理するだけでなく、現場の課題をITの力で解決し、会社全体の生産性を高めていくことに貢献できます。<募集背景>IT戦略部...,未指定,2日前,"研修あり, リーダー候補, AI, データ分析, 老舗企業, 賞与あり, 昇給あり","AI, データ分析",通常申请
IT担当 新たなキャリアを築きませんか,https://xn--pckua2a7gp15o89zb.com/jb/2dc41d8960a03fa5d1a12de44ef0f49c,株式会社ダイニングイノベーション,東京都 渋谷区,年収500万円,"【仕事内容】今後急速な拡大を予定している弊社において、IT担当(社内...【給与上限】7,000,000円 【給与種別】年収 【職種カテゴリー】IT・クリエイティブ",正社員,23時間前,"特別休暇, 禁煙・分煙, 社保完備",未指定,かんたん応募
「情報システム担当」急成長企業の社内インフラ構築とITヘルプデスクをお...,https://xn--pckua2a7gp15o89zb.com/rd/?uaid=l7ee3216c753206bb866b4b849fb14961&p=t%2BAK7k0GmMUr0ZRss/MBm07ZW9b6jEJxtcsGwsjZ4MeiCWpbR4NjApfj3DUdF3gDqBvJKzB4I4woZ2YYqMnA%2BGCn/3XZP%2BeK6oLzFM2jSlRkzubWXo5qozYE%2BqLRBQITDocb8ON58EowAxhyyIQpTxvyCwG3h2xSMcn4DmUB02TMODoO2wb5GEh/gWVsYl6LZoWtSYJSfV5r6wzmRxvD4wdnHptqpqhQ6zEyfmIZxsNqqgq%2BkF6iPMYMZsXzvBmEbfYE1gSin%2BR1%2BmLmvse02bxp5isralP2G5c/7gWqPWCzI8aMslZklGRzOHdwFPCq3JK9baeJfYj%2BTdV0ImmmV2ShSlWxBfbfimRWqAG3F00pQzVrWJWTPbq9rRGmCXsCur4SZdXs7%2B8DFIq5ERaSRIEzY8bLXVZzceiowRla%2Bsm8Ecp9om5uq%2BG1wUF%2BDlCY9gQhhXwuMEwq2bnYSaxw9vwDJO9QAt9V6emLRy%2BeenlvUUJVOB2%2BIDsNQKXPCg9K&ph=8a6461de169a&phv=1,ビットバンク株式会社,東京都,"年収800万円～1,100万円",【仕事内容】<職種>IT技術職>インフラエンジニア<業種>IT・インターネット>インターネットサービス,正社員,4時間前,"フルリモート, 女性活躍, 英語活用, 産休・育休, リーダー候補, Azure, 研修あり","Azure, 英語",通常申请
ITコンシェルジュ・ITヘルプデスク／残業10時間程度／キャリアの幅あ...,https://xn--pckua2a7gp15o89zb.com/jb/36a2608943a5a975e2e0e4ece9ed6f56,未找到公司名称,東京都,年収350万円～500万円,【仕事内容】ご入社後、大手お客様先企業にてITに関するさまざまなお困りごとを解決する、ITコンシェルジュ・ITヘルプデスク業務を担当していた...【対象となる方】IT関連の業務経験がある方(ITヘルプデスク...,正社員,9日前,"未経験OK, 在宅ワーク, 女性活躍, 社保完備, 研修あり, 退職金あり, 交通費",未指定,かんたん応募
「ITサポート・ヘルプデスク 」一部総務／IT知識を生かしてスキルアップ／月残業20時間,https://xn--pckua2a7gp15o89zb.com/rd/?uaid=leab7be4fa02ab898359a8e38a890c15b&p=t%2BAK7k0GmMUr0ZRss/MBm5/iVUhryPNSHb9GmHHzegHRGQOcuMdDNF0Jgc7lPm5xc6eJV4YHtEo7mHZG7JWQ42zVXDBQ8fR%2Bw3LDTwYqmV/5n5JcUE/Wz5Xr0/xvzK3QIjMI24e5ckRXzZ5Q%2Btn4AqFBQPIzGtX2OvBe1qhXvz7RBbumC3ePvORGEvwGOCxZ6EPZFhNUVkI2Id/w7DaFByn250JlhHD10%2BRqCOJWqezScfFELqMOANKvqyRCHUK9jtFAhUcbL7ck/HFBAX3Syhb2fKZA2LM/mn6mIziMYlx6Ql8YRTcSmX/prEeaBmrxakvyLLPWv0izE2/OGTMVt/mi5L2Aob3urH2XOfbZKRFlHjkPCFcHKTJvXnHfcGGgKGGifeBJgB0nNXOT/pxaWe5q5cErLykAjJ8Aixj4RvztE5icGaDH4ll/1uWH8yC%2BPZFUPwFP0T5HCwRuB93ayjbqcOTZLRnYYx1XDr0UZdY%3D&ph=584e97e22178&phv=1,株式会社ホーク・ワン,東京都 杉並区,月給29万円,...下記の業務をご担当いただきます。<業務内容>1)従業員対象のITヘルプデスク業務 不具合等のトラブルシューティング対応、障害対応、問い合わせ対応の進捗管理等 問い合わせは基本的に電話及びチャットツールのGoogleChatで対応します。 2)入社・退社・異動に伴うIT対応業務 PC・社用携帯セットアップ、アプリケーションのアカウント発行、権限設定の管理等 3)機材及びソフトウェア資産の管理・棚卸・購買業務 必要な機材やソフトウェアの購入、在庫管理を行います。 社外ベンダーと見積もり取得、発注等メールのやり取りが発生します。 4)その他IT関連業務 サーバー 運用保守、基幹システム運用保守、サイバーセキュリティ対応 5 )総務事務作業 書類作成 データ入力:Excelや専用ソフトへのデータ入力。 ファイリング:書類の整理や保管。 【必須要件】社内SEやヘルプデスク、システムエンジニア等、IT関連の業務経験 【変更の範囲】会社の定める業務 【変更の範囲】なし 【職種区分】ITエンジニア 【歓迎条件】ITパスポート・基本情報技術者試験取得者...,正社員,23時間前,"交通費, EXCEL, 週休2日, 産休・育休, 資格取得支援, 資格手当, 禁煙・分煙","EXCEL, Go, 資格",かんたん応募
営業系からのキャリアチェンジ／ITコンサルタント／PMO職,https://xn--pckua2a7gp15o89zb.com/jb/12650bbce85e4b1f3d9a1e0574aec8ad,BAMV合同会社,東京都 千代田区 末広町駅 徒歩5分,年収408万円,【仕事内容/この仕事のミッション】<部署の現状>自社メンバーで自律したアジャイルチームを構成可能なITベンダーに...【業種メイン】ITコンサルティング 【業種サブ】SIer・SES,正社員,23時間前,"未経験OK, 在宅ワーク, 学歴不問, 産休・育休, 特別休暇, 土日祝休, 禁煙・分煙",未指定,かんたん応募
「情報システム部長 兼 CISO」年収800～900万円／経営直下でI...,https://xn--pckua2a7gp15o89zb.com/rd/?uaid=l8c7a3db7cab33fa254cac976959991c7&p=t%2BAK7k0GmMUr0ZRss/MBm9GFSaeLQgisB1KKUTyIyp3ETyh8UzNwWGJlu4Q78kTfgpvapwDn2erfZuAxN9kAQWCn/3XZP%2BeK6oLzFM2jSlS3RaZ01WuId5We4uGPm3j4oftjdNyTVdLGR2pfgAM6JOid2Elqbm9BLJLjl1VcJRehnQ/nuBqf0bMLdhkcr1y2nPY2kuJvIo74T/VFS1hSidXOJ1Ii58pFMSFP/l4qkbLTdtSrNV41e8rMMPlJp7rKvURHsVN1q6cSkA4mxK8KWY1F4c3oX8A%2BXc8k3P3WO5EjMl/il76eVXeTIfZ%2B2M0QEEGFHkE%2BUwFxK2aUry9HbE0g6yVmuolOWd0D7iCsZbOXa/BSGtr7lZKuXLhj/gHZB2sezWlD4nUPHYqypm3%2BrBUkJwDt2hBtLKo3WTE4y6vuauXBKy8pAIyfAIsY%2BEb8viphwNhJ0UnMEYAGyX0rS3AUl%2ByS7zreCOOWZSRBu2U%3D&ph=ee760e6044b8&phv=1,InfiniCore株式会社,東京都,"年収900万円～1,000万円",【仕事内容】<職種>IT技術職>情報システム・社内SE<業種>IT・インターネット>通信・キャリア...社内ITの戦略立案・運用方針の策定 ・経営層と連携した全社横断のDXプロジェクトの統括...,未指定,4時間前,"在宅ワーク, 年俸制, 短時間OK, フレックス制, 賞与あり, Azure, 禁煙・分煙",Azure,通常申请
コーポレートIT／スタートアップの情報セキュリティ部門立ち上げメンバー...,https://xn--pckua2a7gp15o89zb.com/jb/f8216c44e439b94074e0c4bf9441d3d3,ハコベル株式会社,東京都 中央区 八丁堀駅 徒歩2分,年収500万円,"【業種サブ】IT×バックオフィス,IT×マーケティング, その他IT・Webサービス, その他物流・運輸, 貨物輸送業(陸上)",正社員,23時間前,"未経験OK, 在宅ワーク, 学歴不問, 交通費, ベンチャー, 土日祝休, フレックス制",未指定,かんたん応募
社内IT担当／芸能タレントのキャスティング独立系大手!代表直下ポジショ...,https://xn--pckua2a7gp15o89zb.com/jb/154b26f0a16abae6a8bc6cb95c2987c5,株式会社イー・スピリット,東京都 渋谷区,年収504万円,【仕事内容/この仕事のミッション】<業務概要>当社のIT(PC・スマホ・サーバー・ネットワーク等)における業務全般を担当します。...PCなどIT機器の管理・ベンダー対応<SaaSマネジメント>...,正社員,23時間前,"未経験OK, 産休・育休, 交通費, 土日祝休, 週休2日, 社保完備, 禁煙・分煙",未指定,かんたん応募
未経験歓迎／ITコンサルタント／昇給率10%超!／創業期メンバー,https://xn--pckua2a7gp15o89zb.com/jb/40d8f174b93d142f26735e933b8729b4,株式会社アクティヴァーチ・コンサルティング,東京都 千代田区,年収450万円,【仕事内容/この仕事のミッション】業務内容:ITコンサル・PMOを入口として様々なプロジェクトに参画し経験を積み...,正社員,23時間前,"未経験OK, 在宅ワーク, 社保完備, 土日祝休, 禁煙・分煙, 増員募集, 交通費",未指定,かんたん応募
IT機器導入の進行管理・業務サポート／研修制度・資格支援充実／未経験者歓迎／年間休日120日以上,https://xn--pckua2a7gp15o89zb.com/rd/?uaid=l51611b5e88176d0e95dd0cd56050b0dc&p=t%2BAK7k0GmMUr0ZRss/MBm8qtey4y8qUnmMUXj1b%2Bk35xm1fgca9b3rjAW6vFO7CSGCCAHw0IVcVJYH3Ai3iFKGzVXDBQ8fR%2Bw3LDTwYqmV/5n5JcUE/Wz5Xr0/xvzK3QIjMI24e5ckRXzZ5Q%2Btn4AqFBQPIzGtX2OvBe1qhXvz7RBbumC3ePvORGEvwGOCxZ6EPZFhNUVkI2Id/w7DaFByn250JlhHD10%2BRqCOJWqezScfFELqMOANKvqyRCHUK9jtFAhUcbL7ck/HFBAX3SyovxCrKySwxa/ns5UcmMJhl6Ql8YRTcSmX/prEeaBmrxakvyLLPWv0izE2/OGTMVt/mi5L2Aob3urH2XOfbZKREa9O6pL125zZXUgpsLiV9VkhsjQT0Ln3ox1o8pIqYO6QFB5ni2MCo67yrSWb7Uj6XuauXBKy8pAIyfAIsY%2BEb8lOhh1azylxhErCPpL/iBb1OPEWOsgU9cTsYstGyGXOc%3D&ph=fe3117919d88&phv=1,株式会社エムトラッド,東京都 中央区 京橋駅,"月給25万7,000円",【仕事内容】IT機器の導入受付センター 基本的なPCスキルをお持ちの方歓迎! 職務内容グループ会社が販売したIT機器の導入受付業務...,正社員,23時間前,"未経験OK, 在宅ワーク, 社保完備, 週休2日, 研修あり, 産休・育休, 資格取得支援",資格,かんたん応募
トーテックアメニティ株式会社／未経験からキャリアアップ↗️,https://xn--pckua2a7gp15o89zb.com/jb/17a96470ffef62e61e9d940e1c30baf7,トーテックグループ,愛知県 名古屋市 名古屋駅 徒歩7分,年収340万円～500万円,【事業内容】<事業内容>ITソリューション事業とエンジニアリングソリューション事業の二軸で事業を展開しております。1ITソリューション...,正社員,1日前,"未経験OK, 在宅ワーク, 研修あり, メンバー育成, 土日祝休, 産休・育休, 髪型・髪色自由",未指定,かんたん応募
ITエンジニアの社内研修企画／教材作成～実施担当／フルフレックス制,https://xn--pckua2a7gp15o89zb.com/jb/60507e024a493fe373638a80144044c6,AMBL株式会社,東京都 品川区,年収400万円,"【業種メイン】ITコンサルティング 【業種サブ】SIer・SES, 広告制作・Webサイト制作,IT×マーケティング...",正社員,23時間前,"未経験OK, 在宅ワーク, 週休2日, 土日祝休, 増員募集, Python, Docker","Webサイト, Python, Docker",かんたん応募
ITインフラエンジニアを目指す未経験者,https://xn--pckua2a7gp15o89zb.com/jb/4f2d3f74814960770e2e4a81ac85c87a,株式会社エヌエムヒューマテック,東京都 江東区,年収282万円～360万円,【求人名】ITインフラエンジニアを目指す未経験者 【採用企業名】株式会社エヌエムヒューマテック,正社員,1日前,"未経験OK, 転勤なし, 産休・育休, 特別休暇, 家族手当, 禁煙・分煙, 交通費",未指定,かんたん応募
前職年収保障!／ITソリューション営業／スペシャリスト候補／,https://xn--pckua2a7gp15o89zb.com/jb/4d123ac367138b0b859c3ca343a893bd,ポールトゥウィン株式会社,東京都 新宿区,年収600万円,当ポジションでは、当社が提供しているITソリューションサービスの最前線にて、提案型のコンサルティング営業をお任せします。...,正社員,23時間前,"未経験OK, 在宅ワーク, 学歴不問, 駅チカ, 禁煙・分煙, 土日祝休, 社保完備",未指定,かんたん応募
